timestamp,reporting_lab,inconclusive,negative,positive,total
2020-05-26 08:00:00 EDT,QUEST DIAGNOSTICS - TAMPA,583,181963,12493,195039
2020-05-26 08:00:00 EDT,"BIO REFERENCE LABORATORIES, INC",46,109437,9534,119017
2020-05-26 08:00:00 EDT,LABORATORY CORPORATION OF AMERICA,90,101420,6498,108008
2020-05-26 08:00:00 EDT,GENETWORX,641,92846,3511,96998
2020-05-26 08:00:00 EDT,ADVENT HEALTH LAB,87,50567,1938,52592
2020-05-26 08:00:00 EDT,REAL DIAGNOSTICS,455,29829,1106,31390
2020-05-26 08:00:00 EDT,"QUEST DIAGNOSTICS NICHOLS INSTITUTE, INC.",52,21008,1468,22528
2020-05-26 08:00:00 EDT,MAYO CLINIC LABORATORIES,42,19758,810,20610
2020-05-26 08:00:00 EDT,BAYCARE LABORATORIES LLC,16,16093,716,16825
2020-05-26 08:00:00 EDT,SACRED HEART HOSPITAL LABORATORY,2,14510,606,15118
2020-05-26 08:00:00 EDT,MEMORIAL REGIONAL HOSPITAL SOUTH,6,12763,1525,14294
2020-05-26 08:00:00 EDT,TAMPA GENERAL HOSPITAL,4,13674,431,14109
2020-05-26 08:00:00 EDT,JACKSON MEMORIAL HOSPITAL CLINICAL LAB,66,12253,1729,14048
2020-05-26 08:00:00 EDT,ORLANDO REG MED CENTER CLINICAL LAB,18,12930,56,13004
2020-05-26 08:00:00 EDT,DIATHERIX LABORATORIES,NA,12400,429,12829
2020-05-26 08:00:00 EDT,BPHL-JACKSONVILLE,6,11321,1480,12807
2020-05-26 08:00:00 EDT,TESTING MATTERS INC,NA,11144,1171,12315
2020-05-26 08:00:00 EDT,BPHL-TAMPA (SPECTRUM BLVD),36,10525,1192,11753
2020-05-26 08:00:00 EDT,NORTHWEST LABORATORY,3,11305,197,11505
2020-05-26 08:00:00 EDT,BPHL-MIAMI,146,8635,2232,11013
2020-05-26 08:00:00 EDT,UF PATHLABS,33,9728,222,9983
2020-05-26 08:00:00 EDT,ARUP LABORATORIES,NA,9095,170,9265
2020-05-26 08:00:00 EDT,"BIOCOLLECTIONS WORLDWIDE, INC",13,7457,595,8065
2020-05-26 08:00:00 EDT,LABCORP BURLINGTON (ELR),1,7342,119,7462
2020-05-26 08:00:00 EDT,SHANDS AT THE UNIVERSITY OF FLORIDA,2,7102,150,7254
2020-05-26 08:00:00 EDT,BAPTIST HOSPITAL OF MIAMI CLINICAL LABORATORY,4,5619,815,6438
2020-05-26 08:00:00 EDT,INTEGRATED REGIONAL LABORATORIES LLP,NA,5115,504,5619
2020-05-26 08:00:00 EDT,BROWARD GENERAL MEDICAL CENTER-CLINICAL LAB,2,5266,296,5564
2020-05-26 08:00:00 EDT,VIRACOR-EUROFINS LABORATORIES,NA,4812,518,5330
2020-05-26 08:00:00 EDT,FLORIDA HOSPITAL - TAMPA,2,5035,166,5203
2020-05-26 08:00:00 EDT,ADVENTHEALTH DAYTONA BEACH,2,4709,158,4869
2020-05-26 08:00:00 EDT,CAPE CORAL HOSPITAL CLINICAL LABORATORY,NA,4482,384,4866
2020-05-26 08:00:00 EDT,NAPLES COMMUNITY HOSPITAL,5,4489,361,4855
2020-05-26 08:00:00 EDT,ST VINCENT'S MEDICAL CENTER - RIVERSIDE,1,4682,160,4843
2020-05-26 08:00:00 EDT,CLEVELAND CLINIC HOSPITAL LAB,3,4040,219,4262
2020-05-26 08:00:00 EDT,MEMORIAL REGIONAL HOSPITAL CLINICAL LABORATORY,NA,3578,179,3757
2020-05-26 08:00:00 EDT,AIT LABORATORIES,NA,3591,165,3756
2020-05-26 08:00:00 EDT,SOUTH MIAMI HOSPITAL LAB,7,3285,440,3732
2020-05-26 08:00:00 EDT,ST JOSEPHS HOSPITAL LABORATORY,6,3462,233,3701
2020-05-26 08:00:00 EDT,BAPTIST MEDICAL CENTER JACKSONVILLE,1,3573,111,3685
2020-05-26 08:00:00 EDT,SHANDS JACKSONVILLE MEDICAL CENTER INC,NA,3595,84,3679
2020-05-26 08:00:00 EDT,MORTON PLANT HOSPITAL-ADLER INSTITUTE,5,3390,124,3519
2020-05-26 08:00:00 EDT,STATLAB_MOBILE,NA,3288,72,3360
2020-05-26 08:00:00 EDT,NEW YORK STATE ELR - SUNRISE MEDICAL LABORATORIES,NA,3140,77,3217
2020-05-26 08:00:00 EDT,SARASOTA MEMORIAL HOSPITAL MAIN LAB,11,2960,173,3144
2020-05-26 08:00:00 EDT,SAINT MARY'S MEDICAL CENTER,1,2923,197,3121
2020-05-26 08:00:00 EDT,LAKELAND REGIONAL MEDICAL CENTER,5,2972,126,3103
2020-05-26 08:00:00 EDT,PALMETTO GENERAL HOSPITAL LAB,2,2350,363,2715
2020-05-26 08:00:00 EDT,FLORIDA HOSPITAL WATERMAN LABORATORY,6,2633,46,2685
2020-05-26 08:00:00 EDT,LARKIN COMMUNITY HOSP.,10,2182,392,2584
2020-05-26 08:00:00 EDT,JFK MEDICAL CENTER LAB,NA,2185,391,2576
2020-05-26 08:00:00 EDT,HOMESTEAD HOSPITAL CLINICAL LABORATORY,NA,2115,309,2424
2020-05-26 08:00:00 EDT,WELLINGTON REGIONAL MED CTR LAB,2,1937,181,2120
2020-05-26 08:00:00 EDT,INDIAN RIVER MEDICAL CENTER LAB,NA,2073,28,2101
2020-05-26 08:00:00 EDT,TALLAHASSEE MEMORIAL HOSPITAL,NA,2017,55,2072
2020-05-26 08:00:00 EDT,WEST KENDALL BAPTIST HOSPITAL LABORATORY,2,1788,247,2037
2020-05-26 08:00:00 EDT,MOUNT SINAI MEDICAL CENTER,1,1913,99,2013
2020-05-26 08:00:00 EDT,ST ANTHONY'S HOSPITAL LAB,5,1879,93,1977
2020-05-26 08:00:00 EDT,MEMORIAL HOSPITAL WEST LABORATORY SERVICES,NA,1860,88,1948
2020-05-26 08:00:00 EDT,QUEST DIAGNOSTICS NICHOLS INSTITUTE - SJC (ELR),2,1727,204,1933
2020-05-26 08:00:00 EDT,CHANGE WITHIN INC,NA,1873,NA,1873
2020-05-26 08:00:00 EDT,ARNOLD PALMER MEDICAL CENTER CLINICAL LAB,NA,1769,2,1771
2020-05-26 08:00:00 EDT,DELRAY MEDICAL CENTER,1,1399,223,1623
2020-05-26 08:00:00 EDT,FLORIDA HOSPITAL HEARTLAND MED CTR CLINICAL LAB,1,1542,40,1583
2020-05-26 08:00:00 EDT,BAPTIST HOSPITAL OF MIAMI MOLECULAR DIAGNOSTICS,5,1466,110,1581
2020-05-26 08:00:00 EDT,NICKLAUS CHILDREN'S HOSPITAL,NA,1501,50,1551
2020-05-26 08:00:00 EDT,WINTER HAVEN HOSPITAL CLINICAL LABORATORY,1,1439,84,1524
2020-05-26 08:00:00 EDT,ST JOSEPHS HOSPITAL SOUTH LABORATORY,1,1419,50,1470
2020-05-26 08:00:00 EDT,NORTH FLORIDA REGIONAL MEDICAL CENTER,NA,1317,68,1385
2020-05-26 08:00:00 EDT,DOCTORS HOSPITAL,2,1112,189,1303
2020-05-26 08:00:00 EDT,MEASE COUNTRYSIDE LAB,NA,1231,43,1274
2020-05-26 08:00:00 EDT,BROWARD HEALTH NORTH CLINICAL LABORATORY,NA,1165,90,1255
2020-05-26 08:00:00 EDT,CORAL SPRINGS MED CTR,NA,1196,52,1248
2020-05-26 08:00:00 EDT,BAPTIST MEDICAL CENTER SOUTH,NA,1182,36,1218
2020-05-26 08:00:00 EDT,AVENTURA HOSPITAL LAB,NA,924,275,1199
2020-05-26 08:00:00 EDT,GULF COAST MEDICAL CENTER MICROLAB,NA,1046,139,1185
2020-05-26 08:00:00 EDT,MANATEE MEMORIAL HOSPITAL,NA,1022,124,1146
2020-05-26 08:00:00 EDT,CLINICORE LABS,NA,1061,85,1146
2020-05-26 08:00:00 EDT,NCH NORTH NAPLES HOSPITAL LAB,NA,1018,121,1139
2020-05-26 08:00:00 EDT,Lee Memorial Hospital,NA,1002,123,1125
2020-05-26 08:00:00 EDT,BETHESDA HOSPITAL EAST,NA,1024,89,1113
2020-05-26 08:00:00 EDT,MARTIN HOSPITAL SOUTH LAB,NA,1062,22,1084
2020-05-26 08:00:00 EDT,JUPITER MEDICAL CENTER LAB,4,893,156,1053
2020-05-26 08:00:00 EDT,FLORIDA HOSPITAL ZEPHYRHILLS,NA,1018,18,1036
2020-05-26 08:00:00 EDT,MEDICAL DIAGNOSTIC LABORATORIES,1,997,34,1032
2020-05-26 08:00:00 EDT,BAPTIST HOSPITAL LABORATORY,3,931,86,1020
2020-05-26 08:00:00 EDT,GOOD SAMARITAN MEDICAL CENTER LAB,1,941,76,1018
2020-05-26 08:00:00 EDT,LMHS,NA,901,74,975
2020-05-26 08:00:00 EDT,WESTSIDE REGIONAL MED CTR,1,866,99,966
2020-05-26 08:00:00 EDT,OSCEOLA REGIONAL MEDICAL CENTER,1,921,40,962
2020-05-26 08:00:00 EDT,MOFFITT CANCER CENTER,NA,953,7,960
2020-05-26 08:00:00 EDT,FLORIDA MEDICAL CENTER - A CAMPUS OF NORTH SHORE,1,825,130,956
2020-05-26 08:00:00 EDT,HIALEAH HOSPITAL,3,720,232,955
2020-05-26 08:00:00 EDT,NORTH SHORE MEDICAL CENTER,NA,756,197,953
2020-05-26 08:00:00 EDT,PALM BEACH GARDENS MEDICAL CTR LAB,NA,865,64,929
2020-05-26 08:00:00 EDT,FLORIDA HOSPITAL FLAGLER,1,880,39,920
2020-05-26 08:00:00 EDT,HEALTH PARK MEDICAL CENTER CLINICAL LAB,NA,777,123,900
2020-05-26 08:00:00 EDT,HALIFAX MEDICAL CENTER LAB,1,816,77,894
2020-05-26 08:00:00 EDT,UNIVERSITY OF MIAMI HOSPITAL,5,686,200,891
2020-05-26 08:00:00 EDT,LAWNWOOD REGIONAL MEDICAL CENTER,NA,832,56,888
2020-05-26 08:00:00 EDT,CORAL GABLES HOSPITAL CLINICAL LABORATORY,NA,740,146,886
2020-05-26 08:00:00 EDT,IMPERIAL POINT MEDICAL CENTER,NA,824,50,874
2020-05-26 08:00:00 EDT,FLORIDA HOSPITAL WESLEY CHAPEL,1,847,17,865
2020-05-26 08:00:00 EDT,MERCY HOSPITAL A CAMPUS OF PLANTATION GEN HOSP LAB,NA,748,114,862
2020-05-26 08:00:00 EDT,WEST BOCA MEDICAL CENTER LAB,NA,794,63,857
2020-05-26 08:00:00 EDT,ORANGE PARK MEDICAL CENTER,2,741,49,792
2020-05-26 08:00:00 EDT,MEMORIAL HOSPITAL- MIRAMAR,NA,766,23,789
2020-05-26 08:00:00 EDT,DR. P. PHILLIPS HOSPITAL,NA,775,2,777
2020-05-26 08:00:00 EDT,MEMORIAL HOSPITAL PEMBROKE,NA,713,50,763
2020-05-26 08:00:00 EDT,MARTIN MEMORIAL HEALTH SYSTEM LABORATORY,NA,720,37,757
2020-05-26 08:00:00 EDT,LEESBURG REGIONAL MEDICAL CENTER,NA,736,19,755
2020-05-26 08:00:00 EDT,FLORIDA HOSPITAL ORLANDO,NA,745,1,746
2020-05-26 08:00:00 EDT,MORTON PLANT-MEASE,NA,723,6,729
2020-05-26 08:00:00 EDT,PALMS WEST HOSPITAL LAB,NA,601,118,719
2020-05-26 08:00:00 EDT,NORTHWEST MEDICAL CENTER,NA,614,103,717
2020-05-26 08:00:00 EDT,LEE HEALTH COCONUT POINT CLINICAL LAB,NA,668,47,715
2020-05-26 08:00:00 EDT,ST JOSEPHS NORTH HOSPITAL LAB,NA,661,21,682
2020-05-26 08:00:00 EDT,CARDIOTROPIC LABS,NA,498,173,671
2020-05-26 08:00:00 EDT,SOUTH LAKE HOSPITAL CLINICAL LAB,NA,669,1,670
2020-05-26 08:00:00 EDT,APPLIED INGENUITY DIAGNOSTICS LLC,NA,651,18,669
2020-05-26 08:00:00 EDT,FLORIDA HOSPITAL NORTH PINELLAS,4,638,18,660
2020-05-26 08:00:00 EDT,BAPTIST MEDICAL CENTER - BEACHES,NA,641,14,655
2020-05-26 08:00:00 EDT,MEMORIAL HOSPITAL JACKSONVILLE,7,566,69,642
2020-05-26 08:00:00 EDT,QUEST DIAGNOSTICS INFECTIOUS DISEASE INC,NA,264,377,641
2020-05-26 08:00:00 EDT,NEMOURS CHILDRENS HOSPITAL,NA,623,3,626
2020-05-26 08:00:00 EDT,SOUTH FLORIDA BAPTIST HOSPITAL MICRO,NA,556,55,611
2020-05-26 08:00:00 EDT,Capital Regional Medical Ctr,NA,505,69,574
2020-05-26 08:00:00 EDT,FLORIDA HOSPITAL OF CARROLLWOOD,NA,528,17,545
2020-05-26 08:00:00 EDT,LAKEWOOD RANCH MEDICAL CENTER,NA,508,29,537
2020-05-26 08:00:00 EDT,WESTCHESTER HOSPITAL,8,418,87,513
2020-05-26 08:00:00 EDT,PLANTATION GENERAL HOSPITAL,NA,419,82,501
2020-05-26 08:00:00 EDT,VISTA CLINICAL DIAGNOSTICS,NA,304,193,497
2020-05-26 08:00:00 EDT,EGLIN AIRFORCE BASE LAB,NA,477,19,496
2020-05-26 08:00:00 EDT,LAKE CITY MEDICAL CENTER,NA,428,61,489
2020-05-26 08:00:00 EDT,VIKOR SCIENTIFIC,2,344,134,480
2020-05-26 08:00:00 EDT,CENTRAL FLORIDA REGIONAL HOSPITAL,NA,459,9,468
2020-05-26 08:00:00 EDT,ADVENTHEALTH OCALA LABORATORY,NA,449,12,461
2020-05-26 08:00:00 EDT,ST LUCIE MEDICAL CENTER,NA,424,30,454
2020-05-26 08:00:00 EDT,WEST PALM HOSPITAL LAB,NA,406,46,452
2020-05-26 08:00:00 EDT,OCALA REGIONAL MEDICAL CENTER,NA,438,8,446
2020-05-26 08:00:00 EDT,MARTIN MEMORIAL HEALTH SYSTEMS LABORATORY,NA,407,26,433
2020-05-26 08:00:00 EDT,MEASE,NA,422,5,427
2020-05-26 08:00:00 EDT,ADVENTHEALTH LAB,NA,392,34,426
2020-05-26 08:00:00 EDT,UNIVERSITY HOSPITAL AND MEDICAL CENTER,NA,357,68,425
2020-05-26 08:00:00 EDT,VISTA CLINICAL,NA,282,133,415
2020-05-26 08:00:00 EDT,BAPTIST MEDICAL CENTER - NASSAU,NA,401,6,407
2020-05-26 08:00:00 EDT,ORLANDO VA MEDICAL CENTER,NA,374,25,399
2020-05-26 08:00:00 EDT,SOUTH SEMINOLE HOSPITAL LABORATORY,NA,379,NA,379
2020-05-26 08:00:00 EDT,BAPTIST NORTH EMERGENCY CENTER,NA,349,19,368
2020-05-26 08:00:00 EDT,POINCIANA MEDICAL CENTER,NA,342,13,355
2020-05-26 08:00:00 EDT,WEST FLORIDA HOSPITAL LAB,NA,323,22,345
2020-05-26 08:00:00 EDT,ADVENTHEALTH TAMPA,NA,300,43,343
2020-05-26 08:00:00 EDT,QUEST DIAGNOSTICS NICHOLS INSTITUTE,5,321,12,338
2020-05-26 08:00:00 EDT,DOCTORS HOSPITAL OF SARASOTA CLINICAL LABORATORY,NA,302,36,338
2020-05-26 08:00:00 EDT,TESTING MATTERS,NA,8,327,335
2020-05-26 08:00:00 EDT,ST VINCENT'S MEDICAL CENTER - SOUTHSIDE,NA,307,18,325
2020-05-26 08:00:00 EDT,OVIEDO MEDICAL CENTER,NA,313,3,316
2020-05-26 08:00:00 EDT,WEST MARION COMMUINITY HOSPTIAL LAB,NA,303,5,308
2020-05-26 08:00:00 EDT,LAKESIDE MEDICAL CENTER,NA,190,113,303
2020-05-26 08:00:00 EDT,PUTNAM COMMUNITY MEDICAL CENTER,NA,288,9,297
2020-05-26 08:00:00 EDT,BAYFRONT MEDICAL CENTER,NA,254,38,292
2020-05-26 08:00:00 EDT,ST VINCENTS CLAY COUNTY,NA,274,15,289
2020-05-26 08:00:00 EDT,BETHESDA HOSPITAL WEST,NA,279,7,286
2020-05-26 08:00:00 EDT,BARTOW REGIONAL MEDICAL CENTER,NA,269,11,280
2020-05-26 08:00:00 EDT,THE VILLAGES REGIONAL HOSPITAL,NA,265,8,273
2020-05-26 08:00:00 EDT,QUEST DIAGNOSTICS - MIRAMAR,5,36,229,270
2020-05-26 08:00:00 EDT,FLORIDA HOSPITAL FISH MEMORIAL,NA,242,25,267
2020-05-26 08:00:00 EDT,PHYSICIANS REGIONAL MEDICAL CENTER - PINE RIDGE RD,NA,233,33,266
2020-05-26 08:00:00 EDT,LOWER KEYS MEDICAL CENTER,NA,265,NA,265
2020-05-26 08:00:00 EDT,PATIENTS CHOICE LABORATORIES,NA,87,175,262
2020-05-26 08:00:00 EDT,GULF BREEZE HOSPITAL LAB,NA,248,7,255
2020-05-26 08:00:00 EDT,ACCESS MEDICAL LABORATORIES,NA,57,198,255
2020-05-26 08:00:00 EDT,BRANDON REGIONAL HOSPITAL,NA,184,67,251
2020-05-26 08:00:00 EDT,BAPTIST EMERGENCY CENTER CLAY,NA,227,11,238
2020-05-26 08:00:00 EDT,FLORIDA HOSPITAL DELAND,NA,219,17,236
2020-05-26 08:00:00 EDT,QUEST DIAGNOSTICS - IRVING,6,95,134,235
2020-05-26 08:00:00 EDT,HIGHLANDS REGIONAL MEDICAL CENTER,NA,213,17,230
2020-05-26 08:00:00 EDT,CAPSTONE HEALTHCARE,NA,63,164,227
2020-05-26 08:00:00 EDT,VAMC ORLANDO,NA,181,38,219
2020-05-26 08:00:00 EDT,QUEST,1,43,169,213
2020-05-26 08:00:00 EDT,MARINERS HOSPITAL,NA,202,10,212
2020-05-26 08:00:00 EDT,APPLIED INGENUITY DIAGNOSTICS,NA,194,15,209
2020-05-26 08:00:00 EDT,NORTHSIDE HOSPITAL AND HEART INSTITUTE,NA,111,96,207
2020-05-26 08:00:00 EDT,RAULERSON HOSPITAL,NA,203,3,206
2020-05-26 08:00:00 EDT,BMCT Molecular Diagnostics Subsection,NA,201,4,205
2020-05-26 08:00:00 EDT,BAPTIST EMERGENCY CENTER OAKLEAF,NA,201,3,204
2020-05-26 08:00:00 EDT,BLAKE MEDICAL CENTER,NA,106,94,200
2020-05-26 08:00:00 EDT,FORT WALTON BEACH MEDICAL CENTER,NA,180,13,193
2020-05-26 08:00:00 EDT,SYNERGY LABORATORIES,NA,179,13,192
2020-05-26 08:00:00 EDT,LARGO MEDICAL CENTER,NA,146,46,192
2020-05-26 08:00:00 EDT,PHYSICIANS REGIONAL MEDICAL CENTER COLLIER BLVD,1,170,17,188
2020-05-26 08:00:00 EDT,GULF COAST MEDICAL CENTER LAB,NA,178,10,188
2020-05-26 08:00:00 EDT,QUEST DIAGNOSTICS WOOD DALE,NA,174,14,188
2020-05-26 08:00:00 EDT,CITRUS MEMORIAL HOSPITAL LABORATORY,NA,174,11,185
2020-05-26 08:00:00 EDT,NEW YORK STATE ELR - LENCO MEDICAL LABORATORY,NA,164,9,173
2020-05-26 08:00:00 EDT,AVENTUS BIOLABS,1,114,53,168
2020-05-26 08:00:00 EDT,ORLANDO HEALTH,NA,8,158,166
2020-05-26 08:00:00 EDT,QUEST DIAGNOSTICS,2,73,85,160
2020-05-26 08:00:00 EDT,GENESIS REFERENCE LABORATORIES,NA,NA,160,160
2020-05-26 08:00:00 EDT,BAPTIST HEALTH EMERGENCY CENTER COUNTRY WALK,NA,158,2,160
2020-05-26 08:00:00 EDT,MAKO MEDICAL LABORATORIES,NA,10,147,157
2020-05-26 08:00:00 EDT,TWIN CITIES HOSPITAL,NA,150,2,152
2020-05-26 08:00:00 EDT,BIO COLLECTIONS,1,124,9,134
2020-05-26 08:00:00 EDT,NCH NORTHEAST,NA,107,22,129
2020-05-26 08:00:00 EDT,NWLABORATORY,NA,116,4,120
2020-05-26 08:00:00 EDT,QUEST NEW ENGLAND,NA,101,18,119
2020-05-26 08:00:00 EDT,QUEST DIAGNOSTICS - ATLANTA,NA,114,4,118
2020-05-26 08:00:00 EDT,ALLIED HEALTH FORT PIERCE,NA,112,NA,112
2020-05-26 08:00:00 EDT,ORLANDO VAMC,NA,78,34,112
2020-05-26 08:00:00 EDT,DYNIX DIAGNOSTICS,NA,84,27,111
2020-05-26 08:00:00 EDT,LABONE LLC DBA QUEST DIAGNOSTICS,1,93,12,106
2020-05-26 08:00:00 EDT,BMHSI-AEL MICROBIOLOGY LABORATORY,1,92,9,102
2020-05-26 08:00:00 EDT,PHYSICIANS STAT LAB,NA,45,55,100
2020-05-26 08:00:00 EDT,OAK HILL HOSPITAL,NA,85,13,98
2020-05-26 08:00:00 EDT,ASAP LAB LLC,NA,90,6,96
2020-05-26 08:00:00 EDT,SOUTH BAY HOSPITAL MICRO,NA,62,31,93
2020-05-26 08:00:00 EDT,SOUTHEAST ALABAMA MEDICAL CENT,NA,88,4,92
2020-05-26 08:00:00 EDT,INTEGRATED REGIONAL LABORATORIES,NA,81,10,91
2020-05-26 08:00:00 EDT,PALMS OF PASADENA HOSPITAL,NA,76,14,90
2020-05-26 08:00:00 EDT,DIAGNOSTIC SOLUTIONS,NA,3,85,88
2020-05-26 08:00:00 EDT,GENESIS MEDICAL LABORATORY MIAMI FL.,NA,53,35,88
2020-05-26 08:00:00 EDT,BARDMOOR LABORATORY,NA,86,1,87
2020-05-26 08:00:00 EDT,ENGLEWOOD COMMUNITY HOSPITAL,NA,75,10,85
2020-05-26 08:00:00 EDT,LABTECH DIAGNOSTIC,NA,82,1,83
2020-05-26 08:00:00 EDT,NEW YORK STATE ELR - DEPARTMENT OF CLINICAL LABS,NA,76,4,80
2020-05-26 08:00:00 EDT,BAYONET POINT REGIONAL MEDICAL CENTER,NA,69,11,80
2020-05-26 08:00:00 EDT,UAB HIGHLANDS LABORATORY,NA,80,NA,80
2020-05-26 08:00:00 EDT,MEDSCAN LABORATORY INC,NA,53,27,80
2020-05-26 08:00:00 EDT,ROSEN MEDICAL CENTER,NA,78,1,79
2020-05-26 08:00:00 EDT,ST PETERSBURG GENERAL HOSPITAL,NA,40,35,75
2020-05-26 08:00:00 EDT,MEDICAL CENTER OF TRINITY CLINICAL LABORATORY,NA,59,15,74
2020-05-26 08:00:00 EDT,THERADOC,NA,71,3,74
2020-05-26 08:00:00 EDT,ST CLOUD REGIONAL MEDICAL CENTER,NA,61,13,74
2020-05-26 08:00:00 EDT,MEMPHIS PATHOLOGY LABORATORY,NA,74,NA,74
2020-05-26 08:00:00 EDT,NCH HEALTHCARE BONITA,NA,62,12,74
2020-05-26 08:00:00 EDT,QUEST DIAGNOSTICS-MIAMI,NA,35,38,73
2020-05-26 08:00:00 EDT,MEMORIAL HOSPITAL MICRO,NA,54,17,71
2020-05-26 08:00:00 EDT,LEE MEMORIAL HOSPITAL LAB,NA,NA,71,71
2020-05-26 08:00:00 EDT,MICROGEN DX,NA,1,66,67
2020-05-26 08:00:00 EDT,Highlands Regional Hospital,NA,63,3,66
2020-05-26 08:00:00 EDT,MAKO GENOMICS,NA,63,3,66
2020-05-26 08:00:00 EDT,TENNESSEE DOH - NASHVILLE,NA,58,7,65
2020-05-26 08:00:00 EDT,LAB CORP,NA,25,38,63
2020-05-26 08:00:00 EDT,JACKSON HOSPITAL LAB,NA,51,10,61
2020-05-26 08:00:00 EDT,CENTRAL FLORIDA HEALTH CARE,NA,45,15,60
2020-05-26 08:00:00 EDT,LABCORP,NA,9,50,59
2020-05-26 08:00:00 EDT,DAVITA LABS,NA,44,14,58
2020-05-26 08:00:00 EDT,QUEST DIAGNOSTIC,NA,36,21,57
2020-05-26 08:00:00 EDT,UAB UNIVERSITY OF ALABAMA HOSPITAL LAB,NA,55,1,56
2020-05-26 08:00:00 EDT,CGH SENDOUTS,NA,56,NA,56
2020-05-26 08:00:00 EDT,AMERICAN HEALTH ASSOCIATES,NA,7,49,56
2020-05-26 08:00:00 EDT,PWN HEALTH,NA,27,28,55
2020-05-26 08:00:00 EDT,FLAGLER HOSPITAL,2,15,37,54
2020-05-26 08:00:00 EDT,NEW YORK STATE ELR - NYU HOSPITALS CENTER CLINICAL LABORATORIES,NA,49,4,53
2020-05-26 08:00:00 EDT,QUEST DIAGNOSTICS - WEST HILLS,NA,49,4,53
2020-05-26 08:00:00 EDT,IRL MARKET LAB,NA,26,26,52
2020-05-26 08:00:00 EDT,VAMC LAKE CITY,NA,51,NA,51
2020-05-26 08:00:00 EDT,NEW YORK STATE ELR - NORTH SHORE LONG ISLAND JEWISH HEALTH,NA,40,11,51
2020-05-26 08:00:00 EDT,MMH HOSPITAL,NA,51,NA,51
2020-05-26 08:00:00 EDT,SPARROW HEALTHCARE,NA,NA,50,50
2020-05-26 08:00:00 EDT,BUREAU OF CLINICAL LABORATORIES,NA,42,8,50
2020-05-26 08:00:00 EDT,P4 DIAGNOSTIX LABORATORY NETWORK,NA,1,48,49
2020-05-26 08:00:00 EDT,SOUTH MIAMI HOSPITAL,NA,45,3,48
2020-05-26 08:00:00 EDT,BIOREFERENCE LABORATORIES,NA,11,37,48
2020-05-26 08:00:00 EDT,PATHGROUP LABS LLC,NA,43,5,48
2020-05-26 08:00:00 EDT,OPTEO LABORATORY,NA,35,12,47
2020-05-26 08:00:00 EDT,BAPTIST MD ANDERSON CANCER CENTER,NA,47,NA,47
2020-05-26 08:00:00 EDT,HENDRY REGIONAL MEDICAL CENTER,NA,NA,47,47
2020-05-26 08:00:00 EDT,MEMORIAL PEMBROKE 24/7 CARE CENTER,NA,46,1,47
2020-05-26 08:00:00 EDT,MARTIN MEMORIAL MEDICAL CENTER LAB,NA,10,37,47
2020-05-26 08:00:00 EDT,NCH HEALTHCARE SYSTEM MICROBIOLOGY LAB,NA,NA,46,46
2020-05-26 08:00:00 EDT,PHYSICIANS REGIONAL MEDICAL CENTER - COLLIER BLVD,NA,27,19,46
2020-05-26 08:00:00 EDT,ACCESSDX,NA,32,13,45
2020-05-26 08:00:00 EDT,NEW YORK STATE ELR - NEW YORK PRESBYTERIAN HOSPITAL CUMC CLINICAL,NA,37,8,45
2020-05-26 08:00:00 EDT,GENETWORKX,NA,13,30,43
2020-05-26 08:00:00 EDT,LEHIGH REGIONAL MEDICAL CENTER LAB,NA,41,NA,41
2020-05-26 08:00:00 EDT,HOLY CROSS HOSPITAL,NA,1,39,40
2020-05-26 08:00:00 EDT,JAY HOSPITAL CLINICAL LABORATORY,NA,40,NA,40
2020-05-26 08:00:00 EDT,ECCOLAB GROUP,NA,NA,39,39
2020-05-26 08:00:00 EDT,VAMC WEST PALM LAB,NA,NA,37,37
2020-05-26 08:00:00 EDT,MEDCOMP SCIENCES LLC,NA,1,36,37
2020-05-26 08:00:00 EDT,FISHERMENS HOSPITAL CLINICAL LAB,NA,37,NA,37
2020-05-26 08:00:00 EDT,ORLANDO VETERANS AFFAIRS MEDICAL CENTER,NA,31,5,36
2020-05-26 08:00:00 EDT,ST. CLOUD MEDICAL GROUP,NA,35,NA,35
2020-05-26 08:00:00 EDT,BAYCARE LAB,NA,NA,34,34
2020-05-26 08:00:00 EDT,LABCORP TAMPA,NA,10,24,34
2020-05-26 08:00:00 EDT,UNKNOWN,NA,3,30,33
2020-05-26 08:00:00 EDT,USAFSAM/PHE,NA,23,10,33
2020-05-26 08:00:00 EDT,HURLBURT FIELD CLINIC,NA,23,10,33
2020-05-26 08:00:00 EDT,HOLY CROSS HOSPITAL LABORATORY,NA,NA,33,33
2020-05-26 08:00:00 EDT,IRL,NA,4,29,33
2020-05-26 08:00:00 EDT,NOS SENDOUTS SUBSECTION,NA,31,NA,31
2020-05-26 08:00:00 EDT,ADVENT HEALTH DAYTONA,NA,1,28,29
2020-05-26 08:00:00 EDT,GENE BY GENE,NA,NA,29,29
2020-05-26 08:00:00 EDT,CLARITY LABS,NA,NA,28,28
2020-05-26 08:00:00 EDT,LABCORP BURLINGTON (LPP),NA,7,21,28
2020-05-26 08:00:00 EDT,NEW YORK STATE ELR - NEW YORK HOSPITAL LABORATORIES,NA,24,4,28
2020-05-26 08:00:00 EDT,NEW YORK STATE ELR - MOUNT SINAI LABORATORY,NA,23,5,28
2020-05-26 08:00:00 EDT,GOODSAMARITANMEDCNTR,NA,28,NA,28
2020-05-26 08:00:00 EDT,MRH LAB,NA,28,NA,28
2020-05-26 08:00:00 EDT,FINLAY CLINICAL LABORATORY INC,NA,26,1,27
2020-05-26 08:00:00 EDT,BAPTIST HEALTH SOUTH FLORIDA,NA,NA,27,27
2020-05-26 08:00:00 EDT,HOLMES REGIONAL MEDICAL CENTER,NA,3,23,26
2020-05-26 08:00:00 EDT,SARASOTA CO. HEALTH DEPT # 58,NA,17,9,26
2020-05-26 08:00:00 EDT,CDC,NA,17,9,26
2020-05-26 08:00:00 EDT,SOUTH LAKE HOSPITAL,NA,1,24,25
2020-05-26 08:00:00 EDT,FLORIDA LABORATORY ANALYSIS,NA,25,NA,25
2020-05-26 08:00:00 EDT,QUEST TAMPA (NEW YORK ELR),NA,21,4,25
2020-05-26 08:00:00 EDT,MORTON PLANT HOSPITAL,NA,NA,24,24
2020-05-26 08:00:00 EDT,FINLAY CLINICAL LABORATORY,NA,23,1,24
2020-05-26 08:00:00 EDT,SUNRISE MEDICAL LABORATORIES,NA,8,15,23
2020-05-26 08:00:00 EDT,NEW YORK STATE ELR - WADSWORTH HEALTH CENTER,NA,19,3,22
2020-05-26 08:00:00 EDT,Assurance Scientific Laboratories,NA,21,1,22
2020-05-26 08:00:00 EDT,PENNSYLVANIA DEPT OF HEALTH,NA,19,3,22
2020-05-26 08:00:00 EDT,SOLARIS DIAGNOSTICS,NA,NA,21,21
2020-05-26 08:00:00 EDT,ST JUDE CHILDREN'S RESEARCH HOSPITAL,NA,20,NA,20
2020-05-26 08:00:00 EDT,WALGREENS,1,15,4,20
2020-05-26 08:00:00 EDT,UNIVERSITY OF MIAMI HOSPITAL & CLINICS,NA,17,3,20
2020-05-26 08:00:00 EDT,JAMES A. HALEY VETERANS MICRO LAB,NA,NA,19,19
2020-05-26 08:00:00 EDT,INFORM DIAGNOSTICS,NA,19,NA,19
2020-05-26 08:00:00 EDT,ST. ANTHONY'S HOSPITAL,NA,NA,19,19
2020-05-26 08:00:00 EDT,ST. MARY'S MEDICAL CENTER LAB,NA,NA,19,19
2020-05-26 08:00:00 EDT,P4CLINICAL,3,1,15,19
2020-05-26 08:00:00 EDT,LUMINUS DIAGNOSTICS,NA,NA,19,19
2020-05-26 08:00:00 EDT,VILLAGES REGIONAL MEDICAL CENTER,NA,16,3,19
2020-05-26 08:00:00 EDT,ORLANDO REGIONAL MEDICAL CENTER,NA,1,17,18
2020-05-26 08:00:00 EDT,TRADITION MEDICAL CENTER LABORATORY,NA,6,12,18
2020-05-26 08:00:00 EDT,NCF DIAGNOSTICS & DNA TECHNOLOGIES,NA,13,5,18
2020-05-26 08:00:00 EDT,FLORIDA HOSPITAL NEW SMYRNA,NA,3,15,18
2020-05-26 08:00:00 EDT,JACKSON MEMORIAL HOSPITAL,NA,NA,18,18
2020-05-26 08:00:00 EDT,INTEGRATED REGIONAL LABORATORIES - LARGO,NA,NA,18,18
2020-05-26 08:00:00 EDT,ST. CLOUD HOSPITAL,NA,17,NA,17
2020-05-26 08:00:00 EDT,BAY PINES VAMC CLINICAL LABORATORY,NA,NA,17,17
2020-05-26 08:00:00 EDT,FLO-MEDILAB SERVICES,NA,NA,17,17
2020-05-26 08:00:00 EDT,TAMPA COMMUNITY HOSPITAL,NA,15,2,17
2020-05-26 08:00:00 EDT,ARUP,NA,4,12,16
2020-05-26 08:00:00 EDT,QUEST DIAGNOSTIC INC,NA,NA,16,16
2020-05-26 08:00:00 EDT,MED HEALTH SERVICES,NA,16,NA,16
2020-05-26 08:00:00 EDT,DIATHERIX,NA,13,2,15
2020-05-26 08:00:00 EDT,ORLANDO VA PALMS,NA,1,14,15
2020-05-26 08:00:00 EDT,PALO ALTO VA MEDICAL CENTER,NA,1,14,15
2020-05-26 08:00:00 EDT,ACUTIS DIAGNOSTICS,NA,15,NA,15
2020-05-26 08:00:00 EDT,CLEVELAND CLINIC FOUNDATION,NA,9,6,15
2020-05-26 08:00:00 EDT,CAPITAL REGIONAL MEDICAL CENTER,NA,1,14,15
2020-05-26 08:00:00 EDT,STEWARD REFERENCE LABORATORY,NA,NA,14,14
2020-05-26 08:00:00 EDT,FLORIDA HOSPITAL HEARTLAND MED CTR LAKE PLACID,NA,12,2,14
2020-05-26 08:00:00 EDT,FLORIDA COMMUNITY HEALTH CENTERS INC,NA,NA,14,14
2020-05-26 08:00:00 EDT,QUEST DIAGNOSTICS NICHOLS INSTITUTE- LPP,NA,2,12,14
2020-05-26 08:00:00 EDT,WATSON CLINIC LLP SOUTH,NA,NA,13,13
2020-05-26 08:00:00 EDT,PACIFIC ANALYTICS,NA,NA,13,13
2020-05-26 08:00:00 EDT,XERA MED RESEARCH,NA,NA,13,13
2020-05-26 08:00:00 EDT,POPLAR HEALTHCARE PLLC,1,10,2,13
2020-05-26 08:00:00 EDT,HUNTSVILLE HOSPITAL LABORATORY,NA,9,3,12
2020-05-26 08:00:00 EDT,PROTEUS MOLECULAR AND CLINICAL LAB,NA,8,4,12
2020-05-26 08:00:00 EDT,CORE DIAGNOSTIC LABORATORIES,NA,NA,12,12
2020-05-26 08:00:00 EDT,BROWARD DIALYSIS,NA,NA,12,12
2020-05-26 08:00:00 EDT,UR MEDICINE LABS- CENTRAL LABORATORY,NA,12,NA,12
2020-05-26 08:00:00 EDT,PROVIDENCE HOSPITAL LABORATORY,NA,12,NA,12
2020-05-26 08:00:00 EDT,INDIAN RIVER MEDICAL CENTER,NA,11,NA,11
2020-05-26 08:00:00 EDT,HEALTHQUEST ESOTERICS,NA,8,3,11
2020-05-26 08:00:00 EDT,FAWCETT MEMORIAL HOSPITAL-LAB,NA,1,10,11
2020-05-26 08:00:00 EDT,"BioReference Laboratories, Inc",NA,10,1,11
2020-05-26 08:00:00 EDT,MORTON PLANT HOSPITAL/LAB,NA,1,10,11
2020-05-26 08:00:00 EDT,FLORIDA DEPARTMENT OF HEALTH,NA,8,2,10
2020-05-26 08:00:00 EDT,PARRISH MEDICAL CENTER,NA,NA,10,10
2020-05-26 08:00:00 EDT,VHA PUBLIC HEALTH REFERENCE LABORATORY- PALO ALTO,NA,6,4,10
2020-05-26 08:00:00 EDT,NEW JERSEY DEPARTMENT OF HEALTH COMMUNICABLE DISEASE SERVICE,NA,3,7,10
2020-05-26 08:00:00 EDT,VETERANS AFFAIRS MEDICAL CENTER LAB,NA,NA,10,10
2020-05-26 08:00:00 EDT,BROWARD HEALTH MEDICAL CENTER,NA,NA,10,10
2020-05-26 08:00:00 EDT,NEW YORK STATE ELR - MONTEFIORE MEDICAL CENTER LABORATORIES - MOSES,NA,5,5,10
2020-05-26 08:00:00 EDT,SACRED HEART-EMERALD COAST,NA,NA,10,10
2020-05-26 08:00:00 EDT,SACRED HEART HOSPITAL ON THE GULF,NA,10,NA,10
2020-05-26 08:00:00 EDT,MIAMI VA HEALTHCARE SYSTEM,NA,NA,10,10
2020-05-26 08:00:00 EDT,NEW YORK STATE ELR - EMPIRECITY LABORATORIES,NA,8,2,10
2020-05-26 08:00:00 EDT,UHEALTH CORAL GABLES/LENNAR MED CTR,NA,9,NA,9
2020-05-26 08:00:00 EDT,VA MEDICAL CENTER,NA,5,4,9
2020-05-26 08:00:00 EDT,UNKNOWN - BAD FACILITY CODE,NA,NA,9,9
2020-05-26 08:00:00 EDT,BAYFRONT MEDICAL CENTER/DEPARTMENT OF PATHOLOGY,NA,8,1,9
2020-05-26 08:00:00 EDT,LEE HEALTH-COCONUT POINT LAB,NA,NA,9,9
2020-05-26 08:00:00 EDT,MICHIGAN DEPARTMENT OF HEALTH AND HUMAN SERVICES,NA,NA,9,9
2020-05-26 08:00:00 EDT,NEW YORK STATE ELR - NEWYORK-PRESBYTERIAN/QUEENS DIAGNOSTIC,NA,9,NA,9
2020-05-26 08:00:00 EDT,BROWARD HEALTH CARE,NA,NA,9,9
2020-05-26 08:00:00 EDT,ESCAMBIA COMMUNITY CLINIC,NA,NA,9,9
2020-05-26 08:00:00 EDT,ST MARY'S MEDICAL CENTER,NA,1,7,8
2020-05-26 08:00:00 EDT,MEDCOMP SCIENCES,NA,NA,8,8
2020-05-26 08:00:00 EDT,THE COMMONWEALTH OF MASSACHUSETTS,NA,NA,8,8
2020-05-26 08:00:00 EDT,NEO GENOMICS,NA,8,NA,8
2020-05-26 08:00:00 EDT,GENPATH,NA,NA,8,8
2020-05-26 08:00:00 EDT,FLORIDA COMMUNITY HEALTH CENTER OF ST. LUCIE,NA,NA,8,8
2020-05-26 08:00:00 EDT,GRAVITY DIAGNOSTICS,NA,7,1,8
2020-05-26 08:00:00 EDT,IPSUM DIAGNOSTICS,NA,NA,8,8
2020-05-26 08:00:00 EDT,FLORIDA DEPT OF HEALTH,NA,3,5,8
2020-05-26 08:00:00 EDT,QUEST DIAGNOSTICS NICHOLS INSTITUTE - SJC (LPP),NA,5,3,8
2020-05-26 08:00:00 EDT,CORE LABORATORY,NA,1,7,8
2020-05-26 08:00:00 EDT,GENEUS DIAGNOSTICS,NA,NA,8,8
2020-05-26 08:00:00 EDT,ST. JOSEPH HOSPITAL LAB,NA,NA,8,8
2020-05-26 08:00:00 EDT,EXPERTUS LABORATORIES INC,NA,8,NA,8
2020-05-26 08:00:00 EDT,CONSOLIDATED LAB SERVICES,NA,8,NA,8
2020-05-26 08:00:00 EDT,ST. JOSEPHS HOSPITAL,NA,NA,7,7
2020-05-26 08:00:00 EDT,AEGIS SCIENCES CORPORATION,NA,6,1,7
2020-05-26 08:00:00 EDT,JACKSON NORTH MEDICAL CENTER,NA,NA,7,7
2020-05-26 08:00:00 EDT,NEW YORK STATE ELR - STONY BROOK UNIVERSITY MEDICAL CENTER,NA,4,3,7
2020-05-26 08:00:00 EDT,CHILDREN'S HOSPITAL OF ALABAMA,NA,7,NA,7
2020-05-26 08:00:00 EDT,LABCORP - MIAMI,NA,4,3,7
2020-05-26 08:00:00 EDT,BMCL Chem Rem WAN Subsection,NA,7,NA,7
2020-05-26 08:00:00 EDT,KENDALL REGIONAL MEDICAL CENTER LAB,NA,NA,7,7
2020-05-26 08:00:00 EDT,CITRUS MEMORIAL HEALTH SYSTEM LAB,NA,1,6,7
2020-05-26 08:00:00 EDT,STONE WASH CLINICAL LABORATORIES,NA,NA,7,7
2020-05-26 08:00:00 EDT,ST JOSEPHS HOSPITAL,NA,NA,7,7
2020-05-26 08:00:00 EDT,BROWARD HEALTH CORAL SPRINGS EPIDEMIOLOGY DEPT,NA,NA,7,7
2020-05-26 08:00:00 EDT,LAB INTERMARKET FACILITY LAB,NA,NA,6,6
2020-05-26 08:00:00 EDT,QUESTDIAGNOSTICS INCORPORATED,NA,NA,6,6
2020-05-26 08:00:00 EDT,EAST MANATEE FAMILY,NA,NA,6,6
2020-05-26 08:00:00 EDT,C.W. BILL YOUNG VA MEDICAL CENTER,NA,2,4,6
2020-05-26 08:00:00 EDT,FLORIDA HOSPITAL WAUCHULA,NA,6,NA,6
2020-05-26 08:00:00 EDT,NO NAME,NA,5,1,6
2020-05-26 08:00:00 EDT,PERSONALIZED GENETIC TESTING,NA,NA,6,6
2020-05-26 08:00:00 EDT,BIO REFERNCE LABORATORIES,NA,2,4,6
2020-05-26 08:00:00 EDT,WATSON CLINIC LLP MAIN,NA,NA,6,6
2020-05-26 08:00:00 EDT,MAYO CLINIC DEPT OF LAB MED PATHOLOGY,NA,NA,6,6
2020-05-26 08:00:00 EDT,MIAMI BEACH COMMUNITY HEALTH CENTER,NA,NA,6,6
2020-05-26 08:00:00 EDT,MACDILL AIRFORCE BASE MICRO,NA,5,1,6
2020-05-26 08:00:00 EDT,HEALTH CENTRAL HOSPITAL,NA,NA,6,6
2020-05-26 08:00:00 EDT,ARCHBOLD MEMORIAL HOSPITAL/LAB,NA,3,3,6
2020-05-26 08:00:00 EDT,GESSLER CLINIC,NA,NA,5,5
2020-05-26 08:00:00 EDT,QUEST INFECTIOUS DISEASE,NA,1,4,5
2020-05-26 08:00:00 EDT,ST VINCENT'S BIRMINGHAM LABORATORY,NA,5,NA,5
2020-05-26 08:00:00 EDT,PATRICK AIR FORCE BASE,NA,NA,5,5
2020-05-26 08:00:00 EDT,MEDARBOR DIAGNOSTICS,NA,1,4,5
2020-05-26 08:00:00 EDT,LEE MEMORIAL LAB GULF COAST,NA,NA,5,5
2020-05-26 08:00:00 EDT,JFK MEDICAL CENTER NORTH LAB,NA,NA,5,5
2020-05-26 08:00:00 EDT,TRUE HEALTH DIAGNOSTICS,NA,1,4,5
2020-05-26 08:00:00 EDT,HOSPITAL FOR SPECIAL SURGERY,NA,4,1,5
2020-05-26 08:00:00 EDT,EGLIN REGIONAL MEDICAL CENTER,NA,4,1,5
2020-05-26 08:00:00 EDT,NEW YORK STATE ELR - QUEST DIAGNOSTICS INCORPORATED,NA,2,3,5
2020-05-26 08:00:00 EDT,"CLINICAL PATHOLOGY LABORATORIES, INC.",NA,NA,5,5
2020-05-26 08:00:00 EDT,ST JOSEPH HOSPITAL,NA,4,1,5
2020-05-26 08:00:00 EDT,PALM BEACH COUNTY HEALTH DEPT LAB,NA,5,NA,5
2020-05-26 08:00:00 EDT,MIAMI VAMC,NA,NA,5,5
2020-05-26 08:00:00 EDT,UNIVERSITY HEALTH SYSTEM INC,NA,5,NA,5
2020-05-26 08:00:00 EDT,BAYCARE HEALTH SYSTEM,NA,1,4,5
2020-05-26 08:00:00 EDT,ST ANTHONY NORTH,NA,NA,5,5
2020-05-26 08:00:00 EDT,WHITE WILSON MEDICAL CENTER CLINIC,NA,NA,5,5
2020-05-26 08:00:00 EDT,ST FRANCIS HOSPITAL,NA,2,2,4
2020-05-26 08:00:00 EDT,QUEST DIAGNOSTICS- MELBOURNE,NA,NA,4,4
2020-05-26 08:00:00 EDT,UMHC/SYLVESTER AT KENDALL,NA,NA,4,4
2020-05-26 08:00:00 EDT,VENICE REGIONAL MEDICAL CENTER,NA,NA,4,4
2020-05-26 08:00:00 EDT,DTR LABS,NA,3,1,4
2020-05-26 08:00:00 EDT,NEW YORK STATE ELR - JAMAICA HOSPITAL MEDICAL CENTER,NA,4,NA,4
2020-05-26 08:00:00 EDT,PATHNOSTICS,NA,2,2,4
2020-05-26 08:00:00 EDT,BAY MEDICAL CENTER SACRED HEART HEALTH SYSTEM,NA,NA,4,4
2020-05-26 08:00:00 EDT,PALM BAY HOSPITAL,NA,1,3,4
2020-05-26 08:00:00 EDT,LABCORP BURLINGTON CYTO,NA,3,1,4
2020-05-26 08:00:00 EDT,SOUTH SEMINOLE HOSPITAL,NA,NA,4,4
2020-05-26 08:00:00 EDT,TGH,NA,NA,4,4
2020-05-26 08:00:00 EDT,TRUGENX,NA,NA,4,4
2020-05-26 08:00:00 EDT,VIKTOR SCIENTIFIC,NA,1,3,4
2020-05-26 08:00:00 EDT,SACRED HEART HEALTH SYSTEM,NA,NA,4,4
2020-05-26 08:00:00 EDT,COMMUNITY HEALTH OF SOUTH FLORIDA,NA,NA,4,4
2020-05-26 08:00:00 EDT,SUNQUEST,NA,2,2,4
2020-05-26 08:00:00 EDT,NORTHWELL HEALTH PLAINVIEW HOSPITAL LABORATORY,NA,3,1,4
2020-05-26 08:00:00 EDT,LABCORP - NAPLES,NA,NA,4,4
2020-05-26 08:00:00 EDT,BIOREFERENCE LABORATORY,NA,1,3,4
2020-05-26 08:00:00 EDT,NEW YORK STATE ELR - CATHOLIC HEALTH SERVICES REGIONAL LABORATORY,NA,2,2,4
2020-05-26 08:00:00 EDT,PATHOGENIUS LABORATORIES,NA,2,2,4
2020-05-26 08:00:00 EDT,FINLAY C. LABORATORY,NA,3,1,4
2020-05-26 08:00:00 EDT,"MEDICAL DIAGNOSTICS LABORATORIES,INC",NA,2,2,4
2020-05-26 08:00:00 EDT,LAB24 INC,NA,NA,4,4
2020-05-26 08:00:00 EDT,DEPARTMENT OF VETERANS AFFAIRS JAMES A. HALEY VETERANS HOSPITAL,NA,NA,4,4
2020-05-26 08:00:00 EDT,MAYO CLINIC LABS - ROCHESTER SUPERIOR DRIVE,NA,NA,4,4
2020-05-26 08:00:00 EDT,MISSOURI DEPARTMENT OF HEALTH AND SENIOR SERVICES,NA,NA,4,4
2020-05-26 08:00:00 EDT,MERCY HOSPITAL MIAMI LAB,NA,NA,4,4
2020-05-26 08:00:00 EDT,LABFIRST - DEPARTMENT OF PATHOLOGY,NA,4,NA,4
2020-05-26 08:00:00 EDT,QUEST DIAGNOSTICS INCORPORATED,NA,NA,4,4
2020-05-26 08:00:00 EDT,NEW YORK STATE ELR - ROCHESTER GENERAL HOSPITAL LABORATORY,NA,3,1,4
2020-05-26 08:00:00 EDT,LABORATORY SPECIALISTS OF MICHIGAN,NA,NA,4,4
2020-05-26 08:00:00 EDT,LAKELAND REGIONAL HEALTH,NA,NA,4,4
2020-05-26 08:00:00 EDT,MOFFFITT CANCER CENTER,NA,4,NA,4
2020-05-26 08:00:00 EDT,MILLENNIUM LAB SERVICES,NA,NA,4,4
2020-05-26 08:00:00 EDT,NEW YORK STATE ELR - KALEIDA HEALTH CENTER FOR LABORATORY,NA,2,2,4
2020-05-26 08:00:00 EDT,BOCA RATON REGIONAL HOSPITAL LAB,NA,NA,4,4
2020-05-26 08:00:00 EDT,FLORIDA DEPARTMENT OF HEALTH IN LAKE COUNTY,NA,NA,3,3
2020-05-26 08:00:00 EDT,NEW YORK STATE ELR - BROOKLYN HOSPITAL CENTER DOWNTOWN CAMPUS,NA,3,NA,3
2020-05-26 08:00:00 EDT,BAYCARE OUTREACH LABORATORY SERVICES,NA,1,2,3
2020-05-26 08:00:00 EDT,AMERICAN ESOTERIC LABORATORIES,NA,NA,3,3
2020-05-26 08:00:00 EDT,AVELLINO LAB USA INC,NA,3,NA,3
2020-05-26 08:00:00 EDT,SOUTHEAST FAMILY HEALTHCARE CENTER,NA,NA,3,3
2020-05-26 08:00:00 EDT,NEW YORK STATE ELR - WILSON MEMORIAL REGIONAL MEDICAL CENTER,NA,3,NA,3
2020-05-26 08:00:00 EDT,"NEW YORK STATE ELR - UNIVERSITY HOSPITAL, STONY BROOK SOUTHAMPTON",NA,3,NA,3
2020-05-26 08:00:00 EDT,CAPE CANAVERAL HOSPITAL,NA,NA,3,3
2020-05-26 08:00:00 EDT,FAMILY HEALTH CENTERS OF SWF LABS,NA,NA,3,3
2020-05-26 08:00:00 EDT,MOBILE INFIRMARY MED CENTER PATH LAB,NA,2,1,3
2020-05-26 08:00:00 EDT,NEW YORK STATE ELR - CATHOLIC HEALTH SYSTEM DEPT LABORATORY,NA,3,NA,3
2020-05-26 08:00:00 EDT,BAYONET POINT MEDICAL CENTER,NA,NA,3,3
2020-05-26 08:00:00 EDT,PARK WEST MEDICAL CENTER,NA,3,NA,3
2020-05-26 08:00:00 EDT,BAYCARE OUTREACH LABORATORY HOSPITAL,NA,NA,3,3
2020-05-26 08:00:00 EDT,DOH JACKSONVILLE CENTRAL LABORATORY,NA,3,NA,3
2020-05-26 08:00:00 EDT,NICHOLS INSTITUTE QUEST DIAGNOSTICS,NA,2,1,3
2020-05-26 08:00:00 EDT,FLOWERS HOSPITAL,NA,1,2,3
2020-05-26 08:00:00 EDT,RAULERSON LAB,NA,1,2,3
2020-05-26 08:00:00 EDT,BAY PINES VA,NA,1,2,3
2020-05-26 08:00:00 EDT,STATE LAB,NA,1,2,3
2020-05-26 08:00:00 EDT,HEALTH FIRST-PALM BAY,NA,NA,3,3
2020-05-26 08:00:00 EDT,ILLINOIS DEPARTMENT OF PUBLIC HEALTH,NA,NA,3,3
2020-05-26 08:00:00 EDT,UPMC HEALTH SYSTEM,NA,3,NA,3
2020-05-26 08:00:00 EDT,VIERA HOSPITAL,NA,NA,3,3
2020-05-26 08:00:00 EDT,JACKSON HEALTH SYSTEM,NA,NA,3,3
2020-05-26 08:00:00 EDT,TAMPA GENERAL HOSPITAL CLINICAL LAB,NA,NA,3,3
2020-05-26 08:00:00 EDT,LABCORP DIAGNOSTICS-MIAMI,NA,2,1,3
2020-05-26 08:00:00 EDT,VIRTUA VOORHEES HOSPITAL,NA,3,NA,3
2020-05-26 08:00:00 EDT,BOND CLINIC,NA,NA,3,3
2020-05-26 08:00:00 EDT,TAMPA GENERAL HOSPITAL LABORATORY,NA,NA,3,3
2020-05-26 08:00:00 EDT,SEBASTIAN RIVER MEDICAL CENTER,NA,3,NA,3
2020-05-26 08:00:00 EDT,VAMC GAINESVILLE,NA,2,1,3
2020-05-26 08:00:00 EDT,NEW YORK STATE ELR - WHITE PLAINS HOSPTIAL CENTER LAB,NA,3,NA,3
2020-05-26 08:00:00 EDT,SMA SPECIALITY MEDICAL LAB,NA,2,1,3
2020-05-26 08:00:00 EDT,DELRAY MEDICAL CENTER LAB,NA,NA,3,3
2020-05-26 08:00:00 EDT,COLORADO DEPARTMENT OF PUBLIC HEALTH AND ENVIRONMENT,NA,NA,3,3
2020-05-26 08:00:00 EDT,QDX PATHOLOGY SERVICES,NA,3,NA,3
2020-05-26 08:00:00 EDT,VAMC BAY PINES,NA,NA,3,3
2020-05-26 08:00:00 EDT,FLORIDA CLINICAL LABORATORY-BIOREFERENCE LABORATORIES,NA,NA,3,3
2020-05-26 08:00:00 EDT,Cleveland Clinic Laboratories,NA,1,2,3
2020-05-26 08:00:00 EDT,MEASE DUNEDIN HOSPITAL,NA,NA,3,3
2020-05-26 08:00:00 EDT,GENUS DIAGNOSTICS,NA,NA,3,3
2020-05-26 08:00:00 EDT,Quest Diag Unspecifd,NA,1,2,3
2020-05-26 08:00:00 EDT,SOUTHEAST ALABAMA MEDICAL CENTER,NA,NA,3,3
2020-05-26 08:00:00 EDT,LECONTE MEDICAL CENTER LAB,NA,3,NA,3
2020-05-26 08:00:00 EDT,JOE DIMAGGIO CHILDREN'S HOSPITAL,NA,1,2,3
2020-05-26 08:00:00 EDT,NORTH BROWARD HOSPITAL DISTRICT HEALTHCARE FOR THE HOMELESS,NA,NA,3,3
2020-05-26 08:00:00 EDT,VA OUTPATIENT,NA,NA,3,3
2020-05-26 08:00:00 EDT,LAKE WALES MEDICAL CENTER INC,NA,NA,3,3
2020-05-26 08:00:00 EDT,MACDILL AFB HOSPITAL,NA,NA,3,3
2020-05-26 08:00:00 EDT,"PANCARE OF FLORIDA, INC",NA,NA,3,3
2020-05-26 08:00:00 EDT,PENNSYLVANIA DEPARTMENT OF HEALTH BUREAU OF LABORATORIES,NA,NA,3,3
2020-05-26 08:00:00 EDT,HEALTH FIRST-VIERA HOSPITAL,NA,NA,3,3
2020-05-26 08:00:00 EDT,TIDE LABORATORIES,NA,1,2,3
2020-05-26 08:00:00 EDT,NEW YORK STATE ELR - ORANGE REGIONAL MEDICAL CENTER LABORATORY,NA,2,NA,2
2020-05-26 08:00:00 EDT,DESOTO MEMORIAL HOSPITAL LAB,NA,NA,2,2
2020-05-26 08:00:00 EDT,GEORGIA DEPARTMENT OF PUBLIC HEALTH,NA,NA,2,2
2020-05-26 08:00:00 EDT,"NAPHCARE, INC.",NA,NA,2,2
2020-05-26 08:00:00 EDT,SCDHEC BUREAU OF LABORATORIES,NA,NA,2,2
2020-05-26 08:00:00 EDT,NEW YORK STATE ELR - LENOX HILL HOSPITAL,NA,1,1,2
2020-05-26 08:00:00 EDT,ACCU REFERENCE MEDICAL LAB,NA,NA,2,2
2020-05-26 08:00:00 EDT,NORTH SHORE UNIVERSITY HOSPITAL LABORATORY,NA,2,NA,2
2020-05-26 08:00:00 EDT,OMNI,NA,NA,2,2
2020-05-26 08:00:00 EDT,"PREMIER LABORATORY SERVICES, LLC",NA,NA,2,2
2020-05-26 08:00:00 EDT,GULF COAST MEDICAL GROUP,NA,NA,2,2
2020-05-26 08:00:00 EDT,OPTUM LABS LLC,NA,NA,2,2
2020-05-26 08:00:00 EDT,DOCTORS MEMORIAL HOSPITAL,NA,2,NA,2
2020-05-26 08:00:00 EDT,ALABAMA DEPARTMENT OF PUBLIC HEALTH,NA,NA,2,2
2020-05-26 08:00:00 EDT,PINELLAS COUNTY HEALTH DEPARTMENT,NA,2,NA,2
2020-05-26 08:00:00 EDT,ALL CHILDREN'S HOSPITAL LAB,NA,NA,2,2
2020-05-26 08:00:00 EDT,NEW YORK STATE ELR - BRONX LEBANON HOSPITAL-MEDICAL CENTER,NA,2,NA,2
2020-05-26 08:00:00 EDT,ACHS,NA,2,NA,2
2020-05-26 08:00:00 EDT,UVMMC MICROBIOLOGY,NA,2,NA,2
2020-05-26 08:00:00 EDT,LEE MEMORIAL HEALTH PARK LAB,NA,NA,2,2
2020-05-26 08:00:00 EDT,STATEN ISLAND UNIVERSITY HOSPITAL,NA,2,NA,2
2020-05-26 08:00:00 EDT,ST. JOSEPH'S HOSPITAL LAB,NA,NA,2,2
2020-05-26 08:00:00 EDT,ST. MARYS MEDICAL CENTER,NA,NA,2,2
2020-05-26 08:00:00 EDT,NEW YORK STATE ELR - HUDSON VALLEY HOSPITAL CENTER LABORATORY,NA,1,1,2
2020-05-26 08:00:00 EDT,TREASURE COAST COMMUNITY HEALTH,NA,NA,2,2
2020-05-26 08:00:00 EDT,WAKEMED,NA,1,1,2
2020-05-26 08:00:00 EDT,CENTRAL FLORIDA HEALTH CARE INC,NA,NA,2,2
2020-05-26 08:00:00 EDT,PHYSICIANS REGIONAL HEALTHCARE SYSTEM,NA,NA,2,2
2020-05-26 08:00:00 EDT,PARKWEST MEDICAL CENTER,NA,2,NA,2
2020-05-26 08:00:00 EDT,VIRTUA MEMORIAL HOSPITAL BURLINGTON COUNTY,NA,NA,2,2
2020-05-26 08:00:00 EDT,SANFORD LABORATORIES,NA,2,NA,2
2020-05-26 08:00:00 EDT,Cleveland Clinic Weston,NA,NA,2,2
2020-05-26 08:00:00 EDT,INDIAN RIVER CHD VERO BEACH,NA,2,NA,2
2020-05-26 08:00:00 EDT,NEW YORK STATE ELR - SOUTHSIDE HOSPITAL NORTHWELL HEALTH LABORATORY,NA,1,1,2
2020-05-26 08:00:00 EDT,ADVANCED MEDICAL CARE,NA,NA,2,2
2020-05-26 08:00:00 EDT,ALTRU DIAGNOSTICS INC,NA,NA,2,2
2020-05-26 08:00:00 EDT,"LAB PLUS, LLC AT SAINT THOMAS WEST HOSPITAL",NA,2,NA,2
2020-05-26 08:00:00 EDT,NEW YORK STATE DEPARTMENT OF HEALTH,NA,1,1,2
2020-05-26 08:00:00 EDT,ST LUKES HOSPITAL LABORATORY,NA,2,NA,2
2020-05-26 08:00:00 EDT,NEW YORK STATE ELR - ENZO CLINICAL LABS INC,NA,2,NA,2
2020-05-26 08:00:00 EDT,OKLAHOMA STATE DEPARTMENT OF HEALTH-PUBLIC HEALTH LABORATORY,NA,NA,2,2
2020-05-26 08:00:00 EDT,NORTHWEST FLORIDA COMMUNITY HOSPITAL,NA,1,1,2
2020-05-26 08:00:00 EDT,LABCORP PHOENIX,NA,NA,2,2
2020-05-26 08:00:00 EDT,NORTH BAY HOSPITAL,NA,NA,2,2
2020-05-26 08:00:00 EDT,PROMEDICA LABORITORIES,NA,2,NA,2
2020-05-26 08:00:00 EDT,NEW YORK STATE ELR - JAMES J PETERS VA MEDICAL CENTER,NA,NA,2,2
2020-05-26 08:00:00 EDT,"Diatherix Laboratories, LLC",NA,1,1,2
2020-05-26 08:00:00 EDT,LAKE CITY VETERANS HOSPITAL,NA,NA,2,2
2020-05-26 08:00:00 EDT,LEON MEDICAL CENTER,NA,NA,2,2
2020-05-26 08:00:00 EDT,HEALTHMARK REGIONAL HOSPITAL LAB,NA,NA,2,2
2020-05-26 08:00:00 EDT,MAYO MEDICAL LABORATORIES,NA,2,NA,2
2020-05-26 08:00:00 EDT,QUEST DIAGNOSTICS LENEXA,NA,1,1,2
2020-05-26 08:00:00 EDT,SMA MEDICAL LABORATORY,NA,NA,2,2
2020-05-26 08:00:00 EDT,NEW YORK STATE ELR - ST PETER'S BENDER LABORATORY,NA,2,NA,2
2020-05-26 08:00:00 EDT,LEHIGH VALLEY HOSPITAL,NA,1,1,2
2020-05-26 08:00:00 EDT,LAB CORP TAMPA,NA,NA,2,2
2020-05-26 08:00:00 EDT,BIO-REFERENCE LABORATORIES,NA,NA,2,2
2020-05-26 08:00:00 EDT,LABCORP - OHIO,NA,NA,2,2
2020-05-26 08:00:00 EDT,TYNDALL AFB,NA,NA,2,2
2020-05-26 08:00:00 EDT,NEW YORK STATE ELR - VASSAR BROTHERS MEDICAL CENTER LABORATORY,NA,2,NA,2
2020-05-26 08:00:00 EDT,AHSE ROP,NA,2,NA,2
2020-05-26 08:00:00 EDT,GALEN BAYLOR EXTENSION,NA,2,NA,2
2020-05-26 08:00:00 EDT,INTERCOASTAL MEDICAL GROUP,NA,NA,2,2
2020-05-26 08:00:00 EDT,HUNTINGTON HOSPITAL LABORATORY,NA,1,1,2
2020-05-26 08:00:00 EDT,NEW HAMPSHIRE PUBLIC HEALTH LABORATORIES,NA,2,NA,2
2020-05-26 08:00:00 EDT,LABCORP LAFAYETTE,NA,1,NA,1
2020-05-26 08:00:00 EDT,LABCORP - HOLLYWOOD,NA,NA,1,1
2020-05-26 08:00:00 EDT,FALMOUTH BY THE SEA,NA,NA,1,1
2020-05-26 08:00:00 EDT,NORTH BROWARD MEDICAL CENTER,NA,NA,1,1
2020-05-26 08:00:00 EDT,NAVY HOSPITAL,NA,NA,1,1
2020-05-26 08:00:00 EDT,OHIO DEPARTMENT OF HEALTH,NA,NA,1,1
2020-05-26 08:00:00 EDT,BAYFRONT HEALTH BROOKSVILLE,NA,NA,1,1
2020-05-26 08:00:00 EDT,BMC/JACSONVILLE,NA,1,NA,1
2020-05-26 08:00:00 EDT,QUEST DIAGNOSTICS-OCALA-SE 3RD,NA,1,NA,1
2020-05-26 08:00:00 EDT,PREMIER MEDICAL LABORATORY,NA,NA,1,1
2020-05-26 08:00:00 EDT,QUEST DIAGNOSTIC INC TECHINICAL,NA,NA,1,1
2020-05-26 08:00:00 EDT,NEW YORK STATE ELR - NEW YORK CITY DEPARTMENT OF HEALTH & MENTAL,NA,1,NA,1
2020-05-26 08:00:00 EDT,JACKSON SOUTH COMMUNITY HOSPITAL LAB,NA,NA,1,1
2020-05-26 08:00:00 EDT,SHELBY BAPTIST MEDICAL CENTER,NA,NA,1,1
2020-05-26 08:00:00 EDT,JOHN HOPKINS MEDICAL LABORATORIES,NA,1,NA,1
2020-05-26 08:00:00 EDT,OHIO STATE UNIVERSITY MEDICAL CENTER,NA,NA,1,1
2020-05-26 08:00:00 EDT,CLEVELAND CLINIC OHIO LABORATORIES,NA,NA,1,1
2020-05-26 08:00:00 EDT,PATHGROUP LABS,NA,NA,1,1
2020-05-26 08:00:00 EDT,NEW YORK STATE ELR - QUEST DIAGNOSTICS NICHOLS,NA,1,NA,1
2020-05-26 08:00:00 EDT,REMISE OCCUPATIONAL HEALTH SOLUTIONS INC,NA,NA,1,1
2020-05-26 08:00:00 EDT,LABCORP-PORT ST.LUCIE,NA,1,NA,1
2020-05-26 08:00:00 EDT,LABORATORY DYNAMICS,NA,NA,1,1
2020-05-26 08:00:00 EDT,LEE COUNTY HEALTH DEPARTMENT,NA,NA,1,1
2020-05-26 08:00:00 EDT,LAB CORP OF AMERICA,NA,NA,1,1
2020-05-26 08:00:00 EDT,LAB CORP PHOENIX,NA,NA,1,1
2020-05-26 08:00:00 EDT,"RCA LABORATORY SERVICES, LLC",NA,1,NA,1
2020-05-26 08:00:00 EDT,PRATTVILLE BAPTIST HOSPITAL,NA,1,NA,1
2020-05-26 08:00:00 EDT,NEW HAMPSHIRE DEPARTMENT OF HEALTH AND HUMAN SERVICES,NA,NA,1,1
2020-05-26 08:00:00 EDT,VA HOSPITAL,NA,NA,1,1
2020-05-26 08:00:00 EDT,VA GREATER LOS ANGELES HEALTH CARE SYSTEM,NA,NA,1,1
2020-05-26 08:00:00 EDT,MAYO CLINIC DEPT OF MED AND PATHOLOGY,NA,NA,1,1
2020-05-26 08:00:00 EDT,MEDICAL DIAGNOSTIC LAB,NA,1,NA,1
2020-05-26 08:00:00 EDT,WEST VIRGINIA UNIVERSITY HOSPITALS,NA,NA,1,1
2020-05-26 08:00:00 EDT,WEST PACIFIC MEDICAL LABORATORY,NA,NA,1,1
2020-05-26 08:00:00 EDT,WASHINGTON STATE DEPARTMENT OF HEALTH PUBLIC HEALTH LABORATORIES,NA,NA,1,1
2020-05-26 08:00:00 EDT,BAPTIST SOUTH MEDICAL CENTER,NA,1,NA,1
2020-05-26 08:00:00 EDT,WINTER HAVEN HOSPITAL,NA,NA,1,1
2020-05-26 08:00:00 EDT,ALL CHILDREN'S HOSPITAL/LAB,NA,NA,1,1
2020-05-26 08:00:00 EDT,AZALEA HEALTH,NA,NA,1,1
2020-05-26 08:00:00 EDT,BAYFRONT HEALTH PUNTA GORDA,NA,NA,1,1
2020-05-26 08:00:00 EDT,FLORIDA HOSPITAL KISSIMMEE,NA,NA,1,1
2020-05-26 08:00:00 EDT,ST. LUKE'S HOSPITAL - BETHLEHEM CAMPUS,NA,1,NA,1
2020-05-26 08:00:00 EDT,HEART OF FLORIDA HMA,NA,NA,1,1
2020-05-26 08:00:00 EDT,EDGAR PRICE FAMILY & CHILDREN HEALTHCARE CENTER,NA,NA,1,1
2020-05-26 08:00:00 EDT,FCHC (OB)-DARWIN SQUARE CTR.,NA,NA,1,1
2020-05-26 08:00:00 EDT,SUNY AT STONY BROOK,NA,NA,1,1
2020-05-26 08:00:00 EDT,UAB,NA,NA,1,1
2020-05-26 08:00:00 EDT,"INDIAN RIVER CLINICAL LABORATORY, INC.",NA,1,NA,1
2020-05-26 08:00:00 EDT,INTERMOUNTAIN MEDICAL CENTER,NA,NA,1,1
2020-05-26 08:00:00 EDT,VENICE REGIONAL MEDICAL LAB SERVICES,NA,NA,1,1
2020-05-26 08:00:00 EDT,NEW YORK STATE ELR - GOOD SAMARITAN HOSPITAL LABORATORY,NA,1,NA,1
2020-05-26 08:00:00 EDT,WUESTHOFF MEDICAL CENTER-MELBOURNE,NA,NA,1,1
2020-05-26 08:00:00 EDT,WILMINGTON VA MEDICAL CENTER,NA,NA,1,1
2020-05-26 08:00:00 EDT,UNIVERSITY OF MIAMI,NA,NA,1,1
2020-05-26 08:00:00 EDT,NEW YORK STATE ELR - MONTEFIORE MEDICAL CENTER LABORATORIES - WEILER,NA,NA,1,1
2020-05-26 08:00:00 EDT,NEW YORK STATE ELR - NEW YORK PRESBYTERIAN-LOWER MANHATTAN,NA,1,NA,1
2020-05-26 08:00:00 EDT,NORTHSIDE HOSPITAL DULUTH,NA,NA,1,1
2020-05-26 08:00:00 EDT,MHS LAB,NA,1,NA,1
2020-05-26 08:00:00 EDT,UF KANAPAHA LAB BEAKER,NA,1,NA,1
2020-05-26 08:00:00 EDT,THOMAS LANGLEY,NA,NA,1,1
2020-05-26 08:00:00 EDT,ST. JOSEPH REGIONAL MEDICAL CENTER,NA,NA,1,1
2020-05-26 08:00:00 EDT,"SPECIALITY LABORATORIES,INC",NA,1,NA,1
2020-05-26 08:00:00 EDT,SM AUTOMATED MICRO SUBSECTION,1,NA,NA,1
2020-05-26 08:00:00 EDT,THOMAS JEFFERSON UNIVERSITY HOSPITAL,NA,1,NA,1
2020-05-26 08:00:00 EDT,ADVENT HEALTH FISH MEMORIAL,NA,NA,1,1
2020-05-26 08:00:00 EDT,TAMPA,NA,1,NA,1
2020-05-26 08:00:00 EDT,AMERICAN HEALTH ASSOCIATES OF TAMPA,NA,NA,1,1
2020-05-26 08:00:00 EDT,NONE,NA,NA,1,1
2020-05-26 08:00:00 EDT,HALIFAX MEDICAL CENTER,NA,NA,1,1
2020-05-26 08:00:00 EDT,NEW YORK STATE ELR - LOURDES HOSPITAL INC,NA,1,NA,1
2020-05-26 08:00:00 EDT,"BEAUMONT HOSPITAL, GROSSE POINTE",NA,NA,1,1
2020-05-26 08:00:00 EDT,WOODHULL MEDICAL AND MENTAL HEALTH CTR,NA,1,NA,1
2020-05-26 08:00:00 EDT,COMMONWEALTH OF MASSACHUSETTS,NA,NA,1,1
2020-05-26 08:00:00 EDT,CLEVELAND CLINIC,NA,NA,1,1
2020-05-26 08:00:00 EDT,CALIFORNIA PUBLIC HEALTH LABORATORY,NA,NA,1,1
2020-05-26 08:00:00 EDT,Mt Sinai Aventura,NA,NA,1,1
2020-05-26 08:00:00 EDT,NEW YORK STATE ELR - JACOBI MEDICAL CENTER,NA,1,NA,1
2020-05-26 08:00:00 EDT,BAPTIST CLAY,NA,NA,1,1
2020-05-26 08:00:00 EDT,QUEST ELR,NA,1,NA,1
2020-05-26 08:00:00 EDT,BROOKWOOD BAPTIST HEALTH BMC LLC (FED),NA,1,NA,1
2020-05-26 08:00:00 EDT,BAYFRONT HEALTH PORT CHARLOTTE,NA,NA,1,1
2020-05-26 08:00:00 EDT,LONGLEAF DIAGNOSTIC LABORATORIES,NA,NA,1,1
2020-05-26 08:00:00 EDT,LOYOLA UNIVERSITY MEDICAL CENTER LABORATORY,NA,NA,1,1
2020-05-26 08:00:00 EDT,JOHNSON CITY MEDICAL CENTER,NA,1,NA,1
2020-05-26 08:00:00 EDT,LEESBURG FAMILY MEDICINE,NA,1,NA,1
2020-05-26 08:00:00 EDT,HEALTH FIRST-HOLMES REGIONAL,NA,NA,1,1
2020-05-26 08:00:00 EDT,MONTANA DEPARTMENT OF PUBLIC HEALTH & HUMAN SERVICES,NA,NA,1,1
2020-05-26 08:00:00 EDT,HOUSTON HEALTH DEPARTMENT - BUREAU OF LABORATORY SERVICES,NA,NA,1,1
2020-05-26 08:00:00 EDT,HOLY NAME MEDICAL CENTER,NA,1,NA,1
2020-05-26 08:00:00 EDT,HEALTH NETWORK LABORATORIES,NA,1,NA,1
2020-05-26 08:00:00 EDT,EXCEL URGENT CARE OF NJ,NA,NA,1,1
2020-05-26 08:00:00 EDT,KETTERING HEALTH,NA,NA,1,1
2020-05-26 08:00:00 EDT,WARD MEMORIAL HOSPITAL,NA,1,NA,1
2020-05-26 08:00:00 EDT,DOCS URGENT CARE,NA,NA,1,1
2020-05-26 08:00:00 EDT,"CQUENTIA NGS, LLC",NA,NA,1,1
2020-05-26 08:00:00 EDT,EAST ALABAMA MEDICAL CENTER LABORATORY,NA,1,NA,1
2020-05-26 08:00:00 EDT,QUEST DIAGNOSTICS INC.,NA,NA,1,1
2020-05-26 08:00:00 EDT,NAVAL HOSPITAL OF JACKSONVILLE,NA,NA,1,1
2020-05-26 08:00:00 EDT,NAVAL HOSPITAL - JACKSONVILLE,NA,1,NA,1
2020-05-26 08:00:00 EDT,ALLIANCE LABS @LRMC,NA,NA,1,1
2020-05-26 08:00:00 EDT,ADVANCED URGENT CARE,NA,NA,1,1
2020-05-26 08:00:00 EDT,LEEESBURG REGIONAL MEDICAL CENTER,NA,1,NA,1
2020-05-26 08:00:00 EDT,LABCORP INC,NA,1,NA,1
2020-05-26 08:00:00 EDT,SOUTHWEST REGIONAL PCR LABORATORY,NA,NA,1,1
2020-05-26 08:00:00 EDT,MONTEFIORE NEW ROCHELLE HOSPITAL,NA,1,NA,1
2020-05-26 08:00:00 EDT,SONIC REFERENCE LABORATORY,NA,NA,1,1
2020-05-26 08:00:00 EDT,WILLIAM A HINTON STATE LABORATORY INSTITUTE,NA,NA,1,1
2020-05-26 08:00:00 EDT,TUFTS MEDICAL CENTER,NA,NA,1,1
2020-05-26 08:00:00 EDT,SPRING HILL REGIONAL HOSPITAL,NA,NA,1,1
2020-05-26 08:00:00 EDT,ACCESSLAB,NA,1,NA,1
2020-05-26 08:00:00 EDT,SANFORD REFERENCE LAB,NA,1,NA,1
2020-05-26 08:00:00 EDT,XRL SXF REF LAB,NA,1,NA,1
2020-05-26 08:00:00 EDT,SMITH KLINE,NA,NA,1,1
2020-05-26 08:00:00 EDT,PHYSICIANS STAT,NA,NA,1,1
2020-05-26 08:00:00 EDT,VA,NA,NA,1,1
2020-05-26 08:00:00 EDT,PIEDMONT HOSPITAL LAB,NA,NA,1,1
2020-05-26 08:00:00 EDT,RIVERSIDE METHODIST HOSPITAL LAB,NA,NA,1,1
2020-05-26 08:00:00 EDT,ST VINCENT'S CHILTON,NA,1,NA,1
2020-05-26 08:00:00 EDT,ST VINCENT'S EAST LABORATORY,NA,1,NA,1
2020-05-26 08:00:00 EDT,ST CATHERINE OF SIENA HOSPITAL,NA,1,NA,1
2020-05-26 08:00:00 EDT,THE CHILDREN'S HOSPITAL OF PHILADELPHIA,NA,1,NA,1
2020-05-26 08:00:00 EDT,MEDSTAR HARBOR HOSPITAL,NA,NA,1,1
2020-05-26 08:00:00 EDT,MANATEE PEDIATRICS,NA,NA,1,1
2020-05-26 08:00:00 EDT,DOH,NA,NA,1,1
2020-05-26 08:00:00 EDT,DYNAMIC MEDICAL USA,NA,NA,1,1
2020-05-26 08:00:00 EDT,HAWAII DEPARTMENT OF HEALTH LAB,NA,NA,1,1
2020-05-26 08:00:00 EDT,IRL MARKET LAB ALACHUA,NA,1,NA,1
2020-05-26 08:00:00 EDT,LAKEVIEW REGIONAL HOSPITAL,NA,NA,1,1
2020-05-26 08:00:00 EDT,LABCORP - ORLANDO,NA,1,NA,1
2020-05-26 08:00:00 EDT,BIOTECH,NA,NA,1,1
2020-05-26 08:00:00 EDT,CALHOUN LIBERTY HOSPITAL,NA,NA,1,1
2020-05-26 08:00:00 EDT,ANNE BATES LEACH EYE HOSPITAL/ ABLEH MICROBIOLOGY LABORATORY,NA,1,NA,1
2020-05-26 08:00:00 EDT,BAYCARE LABORATORIES,NA,NA,1,1
2020-05-26 08:00:00 EDT,CHILDREN'S HOSPITAL OF PHILADELPHIA,NA,1,NA,1
2020-05-26 08:00:00 EDT,MONTEFIORE NYACK HOSPITAL AFFILIATED LABORATORY,NA,1,NA,1
2020-05-26 08:00:00 EDT,CAROMONT HEALTH,NA,NA,1,1
2020-05-26 08:00:00 EDT,MUNSON MEDICAL CENTER,NA,NA,1,1
2020-05-26 08:00:00 EDT,BIRMINGHAM VAMC,NA,1,NA,1
2020-05-26 08:00:00 EDT,BAYCARE OUTREACH LAB,NA,NA,1,1
2020-05-26 08:00:00 EDT,CENTRA CARE,NA,NA,1,1
2020-05-26 08:00:00 EDT,CATHOLIC HEALTH SYSTEM DEPT LABORATORY,NA,1,NA,1
2020-05-26 08:00:00 EDT,ACCESS HEALTH CARE PHYSICIANS,NA,NA,1,1
2020-05-26 08:00:00 EDT,HANCOCK REGIONAL HOSPITAL,NA,1,NA,1
2020-05-26 08:00:00 EDT,FL PHL TAMPA,NA,1,NA,1
2020-05-26 08:00:00 EDT,AFC URGENT CARE,NA,NA,1,1
2020-05-26 08:00:00 EDT,GUTHRIE MEDICAL GROUP LABORATORIES,NA,1,NA,1
2020-05-26 08:00:00 EDT,GENESIS LABORATORY MANAGEMENT,NA,NA,1,1
2020-05-26 08:00:00 EDT,INTEGRITY LABORATORIES,NA,NA,1,1
2020-05-26 08:00:00 EDT,CLINICAL PATHOLOGY LABS,NA,1,NA,1
2020-05-26 08:00:00 EDT,FULGENT GENETICS,NA,NA,1,1
2020-05-26 08:00:00 EDT,FLORIDA DEPARTMENT OF HEALTH PALM BEACH COUNTY,NA,NA,1,1
2020-05-26 08:00:00 EDT,GARCIA CLINICAL LABORATORY,NA,1,NA,1
2020-05-26 08:00:00 EDT,DALLAS MEDICAL CENTER,NA,NA,1,1
2020-05-26 08:00:00 EDT,NEW YORK STATE ELR - BROOKDALE UNIVERSITY HOSPITAL,NA,1,NA,1
2020-05-26 08:00:00 EDT,NEW YORK PRESBYTERIAN - ALLEN HOSPITAL,NA,1,NA,1
2020-05-26 08:00:00 EDT,NEW YORK STATE ELR - SARATOGA HOSPITAL LABORATORY,NA,1,NA,1
2020-05-26 08:00:00 EDT,NEW YORK STATE ELR - SAMARITAN HOSPITAL LABORATORY,NA,1,NA,1
2020-05-26 08:00:00 EDT,MARYLAND DEPARTMENT OF HEALTH AND MENTAL HYGIENE,NA,NA,1,1
2020-05-26 08:00:00 EDT,LINCOLN MEDICAL AND MENTAL HEALTH CENTER,NA,1,NA,1
2020-05-26 08:00:00 EDT,MISSOURI DEPARTMENT OF HEALTH AND SENIOR SERVICES - STATE PH LAB,NA,1,NA,1
2020-05-26 08:00:00 EDT,MHHS All Lab Subsection,NA,1,NA,1
2020-05-26 08:00:00 EDT,PALMS WEST HOSPITAL,NA,NA,1,1
2020-05-26 08:00:00 EDT,LABCORP - CLEARWATER,NA,NA,1,1
2020-05-26 08:00:00 EDT,IOWA DEPARTMENT OF PUBLIC HEALTH,NA,NA,1,1
2020-05-26 08:00:00 EDT,JEFFERSON COUNTY HEALTH DEPARTMENT-MONTICELLO,NA,1,NA,1
2020-05-26 08:00:00 EDT,NEW YORK STATE ELR - WESTCHESTER MEDICAL CENTER,NA,1,NA,1
2020-05-26 08:00:00 EDT,LABCORP RARITAN,NA,1,NA,1
2020-05-26 08:00:00 EDT,NORTH FLORIDA/SOUTH GEORGA VETERANS HEALTH SYSTEM,NA,NA,1,1
2020-05-26 08:00:00 EDT,NORTH CAROLINA DEPARTMENT OF HEALTH & HUMAN SERVICES,NA,NA,1,1
2020-05-26 08:00:00 EDT,BAYFRONT HEALTH SPRING HILL,NA,NA,1,1
2020-05-26 08:00:00 EDT,TEXAS DEPARTMENT OF STATE HEALTH SERVICES,NA,NA,1,1
2020-05-26 08:00:00 EDT,State Lab Unspecifd,NA,NA,1,1
2020-05-26 08:00:00 EDT,BEAUMONT LABORATORY,NA,NA,1,1
2020-05-26 08:00:00 EDT,BAPTIST MEDICAL CENTER EAST,NA,1,NA,1
2020-05-26 08:00:00 EDT,VIRGINIA DIVISION OF CONSOLIDATED LABORATORIES,NA,NA,1,1
2020-05-26 08:00:00 EDT,TIEHH BIOTERRORISM RESPONSE LAB,NA,NA,1,1
2020-05-26 08:00:00 EDT,BARDMOOR LABORATORY,NA,NA,1,1
2020-05-26 08:00:00 EDT,COLORADO DEPARTMENT OF HEALTH LABORATORY SERVICES DIVISION,NA,NA,1,1
2020-05-26 08:00:00 EDT,SAMARITAN MEDICAL CENTER,NA,1,NA,1
2020-05-26 08:00:00 EDT,RIVIERA BEACH HEALTH CENTER LAB,NA,NA,1,1
2020-05-26 08:00:00 EDT,ROBERT WOOD JOHNSON HOSPITAL,NA,NA,1,1
2020-05-26 08:00:00 EDT,ST FRANCIS,NA,NA,1,1
2020-05-26 08:00:00 EDT,COASTAL LABORATORIES,NA,NA,1,1
2020-05-26 08:00:00 EDT,SANTA ROSA MEDICAL CENTER,NA,NA,1,1
2020-05-26 08:00:00 EDT,SKY RIDGE MEDICAL CENTER - MICRO,NA,NA,1,1
2020-05-26 08:00:00 EDT,OHIO DEPARTMENT OF HEALTH LABORATORY,NA,1,NA,1
2020-05-26 08:00:00 EDT,NORTHSHORE UNIVERSITY HEALTHSYSTEM EVANSTON HOSPITAL LAB,NA,NA,1,1
2020-05-26 08:00:00 EDT,PEDIATRIC HEALTHCARE ALLIANCE,NA,NA,1,1
2020-05-26 08:00:00 EDT,VIRACOR,NA,NA,1,1
2020-05-26 08:00:00 EDT,LAKE BALDWIN CBOC,NA,NA,1,1
2020-05-26 08:00:00 EDT,JOHNS HOPKINS MEDICAL LABS,NA,NA,1,1
2020-05-26 08:00:00 EDT,NORTHERN DUTCHESS HOSPITAL LABORATORY,NA,1,NA,1
2020-05-26 08:00:00 EDT,NORTH RIVER FAMILY HEALTH CENTER,NA,NA,1,1
2020-05-26 08:00:00 EDT,STATEN ISLAND UNIVERSITY HOSPITAL-POUCH,NA,1,NA,1
2020-05-26 08:00:00 EDT,QUEENS HOSPITAL CENTER,NA,1,NA,1
2020-05-26 08:00:00 EDT,QUEST DIAGNOSITCS INCORPORATED,NA,NA,1,1
2020-05-26 08:00:00 EDT,QUEST - HOUSTON LAB,NA,NA,1,1
2020-05-26 08:00:00 EDT,UNIVERSITY HOSPITAL,NA,NA,1,1
2020-05-26 08:00:00 EDT,PERDIDO URGENT CARE,NA,NA,1,1
2020-05-26 08:00:00 EDT,TANNER MEDICAL CENTER EAST AL,NA,1,NA,1
2020-05-26 08:00:00 EDT,TRINITAS REGIONAL MEDICAL CENTER,NA,NA,1,1
