timestamp,reporting_lab,inconclusive,negative,positive,total
2020-04-22 09:59:00 EDT,QUEST DIAGNOSTICS - TAMPA,147,70659,7587,78246
2020-04-22 09:59:00 EDT,LABORATORY CORPORATION OF AMERICA,38,40265,3771,44036
2020-04-22 09:59:00 EDT,"BIO REFERENCE LABORATORIES, INC",10,31898,4274,36172
2020-04-22 09:59:00 EDT,ADVENT HEALTH LAB,14,18152,1406,19558
2020-04-22 09:59:00 EDT,"QUEST DIAGNOSTICS NICHOLS INSTITUTE, INC.",24,13223,1030,14253
2020-04-22 09:59:00 EDT,GENETWORX,584,11744,757,12501
2020-04-22 09:59:00 EDT,MAYO CLINIC LABORATORIES,16,10630,656,11286
2020-04-22 09:59:00 EDT,BPHL-JACKSONVILLE,2,6863,1005,7868
2020-04-22 09:59:00 EDT,MEMORIAL REGIONAL HOSPITAL SOUTH,6,6000,1199,7199
2020-04-22 09:59:00 EDT,BPHL-MIAMI,108,5079,1437,6516
2020-04-22 09:59:00 EDT,BPHL-TAMPA (SPECTRUM BLVD),17,5845,727,6572
2020-04-22 09:59:00 EDT,JACKSON MEMORIAL HOSPITAL CLINICAL LAB,64,5125,1214,6339
2020-04-22 09:59:00 EDT,BAYCARE LABORATORIES LLC,2,5211,359,5570
2020-04-22 09:59:00 EDT,SACRED HEART HOSPITAL LABORATORY,2,5069,397,5466
2020-04-22 09:59:00 EDT,TAMPA GENERAL HOSPITAL,4,4882,214,5096
2020-04-22 09:59:00 EDT,SHANDS AT THE UNIVERSITY OF FLORIDA,29,4606,191,4797
2020-04-22 09:59:00 EDT,BAPTIST HOSPITAL OF MIAMI CLINICAL LABORATORY,1,2574,630,3204
2020-04-22 09:59:00 EDT,DIATHERIX LABORATORIES,2486,148,NA,NA
2020-04-22 09:59:00 EDT,UF PATHLABS,6,2249,86,2335
2020-04-22 09:59:00 EDT,SOUTH MIAMI HOSPITAL LAB,1554,376,NA,NA
2020-04-22 09:59:00 EDT,MORTON PLANT HOSPITAL-ADLER INSTITUTE,5,1660,81,1741
2020-04-22 09:59:00 EDT,BROWARD GENERAL MEDICAL CENTER-CLINICAL LAB,2,1431,155,1586
2020-04-22 09:59:00 EDT,CLEVELAND CLINIC HOSPITAL LAB,2,1339,159,1498
2020-04-22 09:59:00 EDT,ADVENTHEALTH DAYTONA BEACH,2,1066,89,1155
2020-04-22 09:59:00 EDT,QUEST DIAGNOSTICS NICHOLS INSTITUTE - SJC (ELR),1005,133,NA,NA
2020-04-22 09:59:00 EDT,MEMORIAL REGIONAL HOSPITAL CLINICAL LABORATORY,1023,87,NA,NA
2020-04-22 09:59:00 EDT,HOMESTEAD HOSPITAL CLINICAL LABORATORY,1,888,214,1102
2020-04-22 09:59:00 EDT,NAPLES COMMUNITY HOSPITAL,948,89,NA,NA
2020-04-22 09:59:00 EDT,SARASOTA MEMORIAL HOSPITAL MAIN LAB,4,920,108,1028
2020-04-22 09:59:00 EDT,ST JOSEPHS HOSPITAL LABORATORY,1,906,122,1028
2020-04-22 09:59:00 EDT,CLINICORE LABS,946,83,NA,NA
2020-04-22 09:59:00 EDT,FLORIDA HOSPITAL WATERMAN LABORATORY,935,33,NA,NA
2020-04-22 09:59:00 EDT,WEST KENDALL BAPTIST HOSPITAL LABORATORY,1,739,197,936
2020-04-22 09:59:00 EDT,UNIVERSITY OF MIAMI HOSPITAL,5,671,129,800
2020-04-22 09:59:00 EDT,FLORIDA HOSPITAL - TAMPA,750,47,NA,NA
2020-04-22 09:59:00 EDT,LARKIN COMMUNITY HOSP.,8,627,107,734
2020-04-22 09:59:00 EDT,ST VINCENT'S MEDICAL CENTER - RIVERSIDE,1,658,44,702
2020-04-22 09:59:00 EDT,BAPTIST MEDICAL CENTER JACKSONVILLE,1,633,57,690
2020-04-22 09:59:00 EDT,PALMETTO GENERAL HOSPITAL LAB,1,511,158,669
2020-04-22 09:59:00 EDT,SHANDS JACKSONVILLE MEDICAL CENTER INC,638,27,NA,NA
2020-04-22 09:59:00 EDT,ARUP LABORATORIES,573,62,NA,NA
2020-04-22 09:59:00 EDT,DELRAY MEDICAL CENTER,470,127,NA,NA
2020-04-22 09:59:00 EDT,AIT LABORATORIES,493,69,NA,NA
2020-04-22 09:59:00 EDT,ST ANTHONY'S HOSPITAL LAB,4,512,32,544
2020-04-22 09:59:00 EDT,WELLINGTON REGIONAL MED CTR LAB,2,435,93,528
2020-04-22 09:59:00 EDT,BAPTIST HOSPITAL LABORATORY,2,448,57,505
2020-04-22 09:59:00 EDT,DOCTORS HOSPITAL,1,378,122,500
2020-04-22 09:59:00 EDT,ST JOSEPHS HOSPITAL SOUTH LABORATORY,1,452,28,480
2020-04-22 09:59:00 EDT,WINTER HAVEN HOSPITAL CLINICAL LABORATORY,1,396,18,414
2020-04-22 09:59:00 EDT,SAINT MARY'S MEDICAL CENTER,353,42,NA,NA
2020-04-22 09:59:00 EDT,BAPTIST MEDICAL CENTER SOUTH,363,28,NA,NA
2020-04-22 09:59:00 EDT,BAPTIST HOSPITAL OF MIAMI MOLECULAR DIAGNOSTICS,4,321,61,382
2020-04-22 09:59:00 EDT,CORAL SPRINGS MED CTR,351,26,NA,NA
2020-04-22 09:59:00 EDT,TALLAHASSEE MEMORIAL HOSPITAL,347,29,NA,NA
2020-04-22 09:59:00 EDT,BROWARD HEALTH NORTH CLINICAL LABORATORY,305,50,NA,NA
2020-04-22 09:59:00 EDT,NORTH SHORE MEDICAL CENTER,235,119,NA,NA
2020-04-22 09:59:00 EDT,NICKLAUS CHILDREN'S HOSPITAL,333,14,NA,NA
2020-04-22 09:59:00 EDT,NEW YORK STATE ELR - SUNRISE MEDICAL LABORATORIES,292,45,NA,NA
2020-04-22 09:59:00 EDT,WEST BOCA MEDICAL CENTER LAB,280,45,NA,NA
2020-04-22 09:59:00 EDT,PALM BEACH GARDENS MEDICAL CTR LAB,273,46,NA,NA
2020-04-22 09:59:00 EDT,INTEGRATED REGIONAL LABORATORIES LLP,186,130,NA,NA
2020-04-22 09:59:00 EDT,FLORIDA MEDICAL CENTER - A CAMPUS OF NORTH SHORE,240,66,NA,NA
2020-04-22 09:59:00 EDT,JUPITER MEDICAL CENTER LAB,1,221,78,299
2020-04-22 09:59:00 EDT,VIKOR SCIENTIFIC,266,32,NA,NA
2020-04-22 09:59:00 EDT,GOOD SAMARITAN MEDICAL CENTER LAB,261,37,NA,NA
2020-04-22 09:59:00 EDT,HIALEAH HOSPITAL,2,217,68,285
2020-04-22 09:59:00 EDT,CORAL GABLES HOSPITAL CLINICAL LABORATORY,188,96,NA,NA
2020-04-22 09:59:00 EDT,JFK MEDICAL CENTER LAB,93,185,NA,NA
2020-04-22 09:59:00 EDT,FLORIDA HOSPITAL HEARTLAND MED CTR CLINICAL LAB,1,248,28,276
2020-04-22 09:59:00 EDT,QUEST DIAGNOSTICS NICHOLS INSTITUTE,5,262,9,271
2020-04-22 09:59:00 EDT,MEMORIAL HOSPITAL WEST LABORATORY SERVICES,250,18,NA,NA
2020-04-22 09:59:00 EDT,BIOCOLLECTION WORLDWIDE INC,1,267,NA,NA
2020-04-22 09:59:00 EDT,AVENTURA HOSPITAL LAB,79,183,NA,NA
2020-04-22 09:59:00 EDT,IMPERIAL POINT MEDICAL CENTER,225,28,NA,NA
2020-04-22 09:59:00 EDT,STVINCENTS CLAY CNTY,227,12,NA,NA
2020-04-22 09:59:00 EDT,MANATEE MEMORIAL HOSPITAL,165,68,NA,NA
2020-04-22 09:59:00 EDT,NCH NORTH NAPLES HOSPITAL LAB,204,25,NA,NA
2020-04-22 09:59:00 EDT,MOFFITT CANCER CENTER,206,3,NA,NA
2020-04-22 09:59:00 EDT,QUEST DIAGNOSTICS INFECTIOUS DISEASE INC,66,137,NA,NA
2020-04-22 09:59:00 EDT,ST VINCENT'S MEDICAL CENTER - SOUTHSIDE,176,18,NA,NA
2020-04-22 09:59:00 EDT,BAPTIST NORTH EMERGENCY CENTER,176,14,NA,NA
2020-04-22 09:59:00 EDT,LEESBURG REGIONAL MEDICAL CENTER,175,13,NA,NA
2020-04-22 09:59:00 EDT,APPLIED INGENUITY DIAGNOSTICS,166,12,NA,NA
2020-04-22 09:59:00 EDT,BETHESDA HOSPITAL EAST,136,33,NA,NA
2020-04-22 09:59:00 EDT,DOCTORS HOSPITAL OF SARASOTA CLINICAL LABORATORY,138,23,NA,NA
2020-04-22 09:59:00 EDT,WESTCHESTER HOSPITAL,143,17,NA,NA
2020-04-22 09:59:00 EDT,VIRACOR-EUROFINS LABORATORIES,114,35,NA,NA
2020-04-22 09:59:00 EDT,BAPTIST MEDICAL CENTER - BEACHES,135,13,NA,NA
2020-04-22 09:59:00 EDT,BRANDON REGIONAL HOSPITAL,117,28,NA,NA
2020-04-22 09:59:00 EDT,FLORIDA HOSPITAL ZEPHYRHILLS,126,9,NA,NA
2020-04-22 09:59:00 EDT,NEMOURS CHILDRENS HOSPITAL,134,1,NA,NA
2020-04-22 09:59:00 EDT,NEW YORK STATE ELR - LENCO MEDICAL LABORATORY,126,6,NA,NA
2020-04-22 09:59:00 EDT,WESTSIDE REGIONAL MED CTR,1,66,65,131
2020-04-22 09:59:00 EDT,CAPE CORAL HOSPITAL CLINICAL LABORATORY,1,129,NA,NA
2020-04-22 09:59:00 EDT,BLAKE MEDICAL CENTER,75,55,NA,NA
2020-04-22 09:59:00 EDT,GULF BREEZE HOSPITAL LAB,122,7,NA,NA
2020-04-22 09:59:00 EDT,BAPTIST EMERGENCY CENTER CLAY,117,8,NA,NA
2020-04-22 09:59:00 EDT,ORLANDO HEALTH,4,117,NA,NA
2020-04-22 09:59:00 EDT,FLORIDA HOSPITAL NORTH PINELLAS,1,108,4,112
2020-04-22 09:59:00 EDT,QUEST DIAGNOSTICS - MIRAMAR,7,106,NA,NA
2020-04-22 09:59:00 EDT,FLORIDA HOSPITAL WESLEY CHAPEL,104,9,NA,NA
2020-04-22 09:59:00 EDT,BAPTIST EMERGENCY CENTER OAKLEAF,110,2,NA,NA
2020-04-22 09:59:00 EDT,LARGO MEDICAL CENTER,86,24,NA,NA
2020-04-22 09:59:00 EDT,QUEST,1,6,98,104
2020-04-22 09:59:00 EDT,GENESIS REFERENCE LABORATORIES,103,NA,103,NA
2020-04-22 09:59:00 EDT,CITRUS MEMORIAL HOSPITAL LABORATORY,91,11,NA,NA
2020-04-22 09:59:00 EDT,LAKESIDE MEDICAL CENTER,65,37,NA,NA
2020-04-22 09:59:00 EDT,BMCT Molecular Diagnostics Subsection,98,3,NA,NA
2020-04-22 09:59:00 EDT,ADVENTHEALTH OCALA LABORATORY,94,7,NA,NA
2020-04-22 09:59:00 EDT,LAWNWOOD REGIONAL MEDICAL CENTER,66,35,NA,NA
2020-04-22 09:59:00 EDT,MARINERS HOSPITAL,2,87,11,98
2020-04-22 09:59:00 EDT,MERCY HOSPITAL A CAMPUS OF PLANTATION GEN HOSP LAB,29,66,NA,NA
2020-04-22 09:59:00 EDT,"QUEST DIAGNOSTIC CLINICAL LABORATORIES, INC",6,18,71,89
2020-04-22 09:59:00 EDT,UNIVERSITY HOSPITAL AND MEDICAL CENTER,54,40,NA,NA
2020-04-22 09:59:00 EDT,OSCEOLA REGIONAL MEDICAL CENTER,1,70,22,92
2020-04-22 09:59:00 EDT,LABCORP BURLINGTON (ELR),2,36,54,90
2020-04-22 09:59:00 EDT,BAPTIST MEDICAL CENTER - NASSAU,85,6,NA,NA
2020-04-22 09:59:00 EDT,QUEST DIAGNOSTICS,1,44,44,88
2020-04-22 09:59:00 EDT,NCH NORTHEAST,75,6,NA,NA
2020-04-22 09:59:00 EDT,ORLANDO VA MEDICAL CENTER,65,16,NA,NA
2020-04-22 09:59:00 EDT,FLORIDA HOSPITAL FLAGLER,1,73,4,77
2020-04-22 09:59:00 EDT,PLANTATION GENERAL HOSPITAL,36,42,NA,NA
2020-04-22 09:59:00 EDT,FLORIDA HOSPITAL FISH MEMORIAL,61,13,NA,NA
2020-04-22 09:59:00 EDT,ORANGE PARK MEDICAL CENTER,43,28,NA,NA
2020-04-22 09:59:00 EDT,OAK HILL HOSPITAL,59,10,NA,NA
2020-04-22 09:59:00 EDT,NORTHSIDE HOSPITAL AND HEART INSTITUTE,59,9,NA,NA
2020-04-22 09:59:00 EDT,MAKO MEDICAL LABORATORIES,67,NA,67,NA
2020-04-22 09:59:00 EDT,NORTHWEST MEDICAL CENTER,13,53,NA,NA
2020-04-22 09:59:00 EDT,SACRED HEART HEALTH SYSTEM,64,NA,64,NA
2020-04-22 09:59:00 EDT,TESTING MATTERS,2,56,NA,NA
2020-04-22 09:59:00 EDT,Capital Regional Medical Ctr,36,21,NA,NA
2020-04-22 09:59:00 EDT,SOUTH BAY HOSPITAL MICRO,41,16,NA,NA
2020-04-22 09:59:00 EDT,PHYSICIANS STAT LAB,4,53,NA,NA
2020-04-22 09:59:00 EDT,VAMC ORLANDO,28,28,NA,NA
2020-04-22 09:59:00 EDT,PALMS WEST HOSPITAL LAB,18,37,NA,NA
2020-04-22 09:59:00 EDT,LAKEWOOD RANCH MEDICAL CENTER,34,20,NA,NA
2020-04-22 09:59:00 EDT,QUEST DIAGNOSTICS - ATLANTA,50,3,NA,NA
2020-04-22 09:59:00 EDT,ST LUCIE MEDICAL CENTER,39,13,NA,NA
2020-04-22 09:59:00 EDT,MOUNT SINAI MEDICAL CENTER,25,25,NA,NA
2020-04-22 09:59:00 EDT,NCH HEALTHCARE BONITA,43,7,NA,NA
2020-04-22 09:59:00 EDT,ROSEN MEDICAL CENTER,50,50,NA,NA
2020-04-22 09:59:00 EDT,VISTA CLINICAL DIAGNOSTICS,16,32,NA,NA
2020-04-22 09:59:00 EDT,WEST PALM HOSPITAL LAB,19,29,NA,NA
2020-04-22 09:59:00 EDT,MEDICAL CENTER OF TRINITY CLINICAL LABORATORY,34,13,NA,NA
2020-04-22 09:59:00 EDT,BETHESDA HOSPITAL WEST,44,2,NA,NA
2020-04-22 09:59:00 EDT,CAPSTONE HEALTHCARE,3,43,NA,NA
2020-04-22 09:59:00 EDT,BAYFRONT MEDICAL CENTER,31,14,NA,NA
2020-04-22 09:59:00 EDT,PALMS OF PASADENA HOSPITAL,43,2,NA,NA
2020-04-22 09:59:00 EDT,FLORIDA HOSPITAL OF CARROLLWOOD,38,6,NA,NA
2020-04-22 09:59:00 EDT,ENGLEWOOD COMMUNITY HOSPITAL,34,9,NA,NA
2020-04-22 09:59:00 EDT,FLAGLER HOSPITAL,1,12,30,42
2020-04-22 09:59:00 EDT,MEMORIAL HOSPITAL MICRO,38,5,NA,NA
2020-04-22 09:59:00 EDT,TENNESSEE DOH - NASHVILLE,34,7,NA,NA
2020-04-22 09:59:00 EDT,LABTECH DIAGNOSTIC,41,41,NA,NA
2020-04-22 09:59:00 EDT,BIO COLLECTIONS INC,40,NA,40,NA
2020-04-22 09:59:00 EDT,NEW YORK STATE ELR - DEPARTMENT OF CLINICAL LABS,36,4,NA,NA
2020-04-22 09:59:00 EDT,OVIEDO MEDICAL CENTER,35,2,NA,NA
2020-04-22 09:59:00 EDT,CENTRAL FLORIDA REGIONAL HOSPITAL,29,6,NA,NA
2020-04-22 09:59:00 EDT,BAYONET POINT REGIONAL MEDICAL CENTER,26,9,NA,NA
2020-04-22 09:59:00 EDT,MEMORIAL HOSPITAL JACKSONVILLE,34,NA,34,NA
2020-04-22 09:59:00 EDT,BUREAU OF CLINICAL LABORATORIES,30,3,NA,NA
2020-04-22 09:59:00 EDT,AVENTUS BIOLABS,1,32,NA,NA
2020-04-22 09:59:00 EDT,USAFSAM/PHE,23,9,NA,NA
2020-04-22 09:59:00 EDT,ORLANDO VETERANS AFFAIRS MEDICAL CENTER,31,1,NA,NA
2020-04-22 09:59:00 EDT,THE VILLAGES REGIONAL HOSPITAL,26,5,NA,NA
2020-04-22 09:59:00 EDT,HEALTH PARK MEDICAL CENTER CLINICAL LAB,1,30,NA,NA
2020-04-22 09:59:00 EDT,LEE MEMORIAL HOSPITAL LAB,31,NA,31,NA
2020-04-22 09:59:00 EDT,MEMPHIS PATHOLOGY LABORATORY,30,30,NA,NA
2020-04-22 09:59:00 EDT,MEASE COUNTRYSIDE LAB,18,11,NA,NA
2020-04-22 09:59:00 EDT,SOUTH FLORIDA BAPTIST HOSPITAL MICRO,25,3,NA,NA
2020-04-22 09:59:00 EDT,ST PETERSBURG GENERAL HOSPITAL,22,6,NA,NA
2020-04-22 09:59:00 EDT,BAYCARE LAB,28,NA,28,NA
2020-04-22 09:59:00 EDT,BAPTIST HEALTH SOUTH FLORIDA,27,NA,27,NA
2020-04-22 09:59:00 EDT,ST JOSEPHS NORTH HOSPITAL LAB,19,7,NA,NA
2020-04-22 09:59:00 EDT,CDC,17,9,NA,NA
2020-04-22 09:59:00 EDT,BMHSI-AEL MICROBIOLOGY LABORATORY,24,2,NA,NA
2020-04-22 09:59:00 EDT,SARASOTA CO. HEALTH DEPT # 58,17,9,NA,NA
2020-04-22 09:59:00 EDT,THERADOC,26,26,NA,NA
2020-04-22 09:59:00 EDT,FLORIDA HOSPITAL DELAND,22,4,NA,NA
2020-04-22 09:59:00 EDT,QUEST DIAGNOSTICS WOOD DALE,23,3,NA,NA
2020-04-22 09:59:00 EDT,DIAGNOSTIC SOLUTIONS,25,NA,25,NA
2020-04-22 09:59:00 EDT,ACCESS MEDICAL LABORATORIES,11,14,NA,NA
2020-04-22 09:59:00 EDT,ORLANDO VAMC,3,21,NA,NA
2020-04-22 09:59:00 EDT,LABCORP,5,19,NA,NA
2020-04-22 09:59:00 EDT,WEST FLORIDA HOSPITAL LAB,16,8,NA,NA
2020-04-22 09:59:00 EDT,QUEST DIAGNOSTIC,9,14,NA,NA
2020-04-22 09:59:00 EDT,FISHERMENS HOSPITAL CLINICAL LAB,23,23,NA,NA
2020-04-22 09:59:00 EDT,QUEST DIAGNOSTICS - WEST HILLS,19,4,NA,NA
2020-04-22 09:59:00 EDT,SOUTH LAKE HOSPITAL,23,NA,23,NA
2020-04-22 09:59:00 EDT,JAY HOSPITAL CLINICAL LABORATORY,22,22,NA,NA
2020-04-22 09:59:00 EDT,IRL,1,21,NA,NA
2020-04-22 09:59:00 EDT,LAKELAND REGIONAL MEDICAL CENTER,4,18,NA,NA
2020-04-22 09:59:00 EDT,MORTON PLANT HOSPITAL,22,NA,22,NA
2020-04-22 09:59:00 EDT,MICROGEN DX,1,20,NA,NA
2020-04-22 09:59:00 EDT,LAB CORP,8,13,NA,NA
2020-04-22 09:59:00 EDT,GULF COAST MEDICAL CENTER MICROLAB,1,20,NA,NA
2020-04-22 09:59:00 EDT,POINCIANA MEDICAL CENTER,15,6,NA,NA
2020-04-22 09:59:00 EDT,QUEST DIAGNOSTICS-MIAMI,4,17,NA,NA
2020-04-22 09:59:00 EDT,HOLMES REGIONAL MEDICAL CENTER,3,17,NA,NA
2020-04-22 09:59:00 EDT,UAB UNIVERSITY OF ALABAMA HOSPITAL LAB,19,1,NA,NA
2020-04-22 09:59:00 EDT,MEDSCAN LABORATORY INC,8,12,NA,NA
2020-04-22 09:59:00 EDT,MARTIN MEMORIAL MEDICAL CENTER LAB,20,NA,20,NA
2020-04-22 09:59:00 EDT,LAKE CITY MEDICAL CENTER,19,NA,19,NA
2020-04-22 09:59:00 EDT,UNIVERSITY OF MIAMI HOSPITAL & CLINICS,16,2,NA,NA
2020-04-22 09:59:00 EDT,NEW YORK STATE ELR - NEW YORK PRESBYTERIAN HOSPITAL CUMC CLINICAL,14,4,NA,NA
2020-04-22 09:59:00 EDT,VAMC WEST PALM LAB,18,NA,18,NA
2020-04-22 09:59:00 EDT,HALIFAX MEDICAL CENTER LAB,1,17,NA,NA
2020-04-22 09:59:00 EDT,NORTH FLORIDA REGIONAL MEDICAL CENTER,18,NA,18,NA
2020-04-22 09:59:00 EDT,UAB HIGHLANDS LABORATORY,17,17,NA,NA
2020-04-22 09:59:00 EDT,ST. MARY'S MEDICAL CENTER LAB,16,NA,16,NA
2020-04-22 09:59:00 EDT,NEW YORK STATE ELR - NORTH SHORE LONG ISLAND JEWISH HEALTH,7,9,NA,NA
2020-04-22 09:59:00 EDT,EGLIN AIRFORCE BASE LAB,16,NA,16,NA
2020-04-22 09:59:00 EDT,SYNERGY LABORATORIES,13,3,NA,NA
2020-04-22 09:59:00 EDT,LABONE LLC DBA QUEST DIAGNOSTICS,14,2,NA,NA
2020-04-22 09:59:00 EDT,MEDCOMP SCIENCES LLC,1,14,NA,NA
2020-04-22 09:59:00 EDT,BIOREFERENCE LABORATORIES,1,14,NA,NA
2020-04-22 09:59:00 EDT,DIATHERIX,13,2,NA,NA
2020-04-22 09:59:00 EDT,PALO ALTO VA MEDICAL CENTER,14,NA,14,NA
2020-04-22 09:59:00 EDT,SACRED HEART LABORATORY AT PENSACOLA,14,NA,14,NA
2020-04-22 09:59:00 EDT,ADVENT HEALTH DAYTONA,1,13,NA,NA
2020-04-22 09:59:00 EDT,ST. ANTHONY'S HOSPITAL,14,NA,14,NA
2020-04-22 09:59:00 EDT,MORTON PLANT-MEASE,14,14,NA,NA
2020-04-22 09:59:00 EDT,AdventHealth Lab,2,12,NA,NA
2020-04-22 09:59:00 EDT,LABCORP TAMPA,3,11,NA,NA
2020-04-22 09:59:00 EDT,HENDRY REGIONAL MEDICAL CENTER,14,NA,14,NA
2020-04-22 09:59:00 EDT,PUTNAM COMMUNITY MEDICAL CENTER,10,3,NA,NA
2020-04-22 09:59:00 EDT,LABCORP BURLINGTON (LPP),3,10,NA,NA
2020-04-22 09:59:00 EDT,NEW YORK STATE ELR - WADSWORTH HEALTH CENTER,12,1,NA,NA
2020-04-22 09:59:00 EDT,BARTOW REGIONAL MEDICAL CENTER,12,12,NA,NA
2020-04-22 09:59:00 EDT,ARUP,12,NA,12,NA
2020-04-22 09:59:00 EDT,BROWARD DIALYSIS,12,NA,12,NA
2020-04-22 09:59:00 EDT,TAMPA COMMUNITY HOSPITAL,11,1,NA,NA
2020-04-22 09:59:00 EDT,RAULERSON HOSPITAL,10,2,NA,NA
2020-04-22 09:59:00 EDT,MORTON PLANT HOSPITAL/LAB,1,10,NA,NA
2020-04-22 09:59:00 EDT,QUEST TAMPA (NEW YORK ELR),9,2,NA,NA
2020-04-22 09:59:00 EDT,GULF COAST MEDICAL CENTER LAB,10,1,NA,NA
2020-04-22 09:59:00 EDT,LEHIGH REGIONAL MEDICAL CENTER LAB,11,11,NA,NA
2020-04-22 09:59:00 EDT,ORLANDO REGIONAL MEDICAL CENTER,11,NA,11,NA
2020-04-22 09:59:00 EDT,HOLY CROSS HOSPITAL,10,NA,10,NA
2020-04-22 09:59:00 EDT,HIGHLANDS REGIONAL MEDICAL CENTER,3,7,NA,NA
2020-04-22 09:59:00 EDT,QUEST DIAGNOSTIC INC,10,NA,10,NA
2020-04-22 09:59:00 EDT,ADVENTHEALTH TAMPA,10,NA,10,NA
2020-04-22 09:59:00 EDT,FORT WALTON BEACH MEDICAL CENTER,1,9,NA,NA
2020-04-22 09:59:00 EDT,INTEGRATED REGIONAL LABORATORIES,1,9,NA,NA
2020-04-22 09:59:00 EDT,MARTIN HOSPITAL SOUTH LAB,10,NA,10,NA
2020-04-22 09:59:00 EDT,INDIAN RIVER MEDICAL CENTER LAB,1,9,NA,NA
2020-04-22 09:59:00 EDT,DYNIX DIAGNOSTICS,10,NA,10,NA
2020-04-22 09:59:00 EDT,PHYSICIANS REGIONAL MEDICAL CENTER - COLLIER BLVD,10,NA,10,NA
2020-04-22 09:59:00 EDT,BAY PINES VAMC CLINICAL LABORATORY,10,NA,10,NA
2020-04-22 09:59:00 EDT,FLORIDA HOSPITAL HEARTLAND MED CTR LAKE PLACID,7,2,NA,NA
2020-04-22 09:59:00 EDT,ST JUDE CHILDREN'S RESEARCH HOSPITAL,9,9,NA,NA
2020-04-22 09:59:00 EDT,CORE DIAGNOSTIC LABORATORIES,9,NA,9,NA
2020-04-22 09:59:00 EDT,SACRED HEART HOSPITAL ON THE GULF,9,9,NA,NA
2020-04-22 09:59:00 EDT,UHEALTH CORAL GABLES/LENNAR MED CTR,9,9,NA,NA
2020-04-22 09:59:00 EDT,NEW YORK STATE ELR - MOUNT SINAI LABORATORY,5,4,NA,NA
2020-04-22 09:59:00 EDT,ESCAMBIA COMMUNITY CLINIC,9,NA,9,NA
2020-04-22 09:59:00 EDT,HURLBURT FIELD CLINIC,9,NA,9,NA
2020-04-22 09:59:00 EDT,CAPITAL REGIONAL MEDICAL CENTER,1,7,NA,NA
2020-04-22 09:59:00 EDT,ACUTIS DIAGNOSTICS,8,8,NA,NA
2020-04-22 09:59:00 EDT,ST MARY'S MEDICAL CENTER,1,7,NA,NA
2020-04-22 09:59:00 EDT,STEWARD REFERENCE LABORATORY,8,NA,8,NA
2020-04-22 09:59:00 EDT,BAYFRONT MEDICAL CENTER/DEPARTMENT OF PATHOLOGY,7,1,NA,NA
2020-04-22 09:59:00 EDT,VHA PUBLIC HEALTH REFERENCE LABORATORY- PALO ALTO,6,2,NA,NA
2020-04-22 09:59:00 EDT,QUEST DIAGNOSTICS NICHOLS INSTITUTE- LPP,1,7,NA,NA
2020-04-22 09:59:00 EDT,NCF DIAGNOSTICS & DNA TECHNOLOGIES,7,1,NA,NA
2020-04-22 09:59:00 EDT,NEW YORK STATE ELR - NYU HOSPITALS CENTER CLINICAL LABORATORIES,5,3,NA,NA
2020-04-22 09:59:00 EDT,UNKNOWN,8,NA,8,NA
2020-04-22 09:59:00 EDT,MIAMI VA HEALTHCARE SYSTEM,7,NA,7,NA
2020-04-22 09:59:00 EDT,SOLARIS DIAGNOSTICS,7,NA,7,NA
2020-04-22 09:59:00 EDT,QUEST DIAGNOSTICS NICHOLS INSTITUTE - SJC (LPP),4,3,NA,NA
2020-04-22 09:59:00 EDT,NEW YORK STATE ELR - NEW YORK HOSPITAL LABORATORIES,5,2,NA,NA
2020-04-22 09:59:00 EDT,MEDICAL DIAGNOSTIC LABORATORIES,1,5,1,6
2020-04-22 09:59:00 EDT,SUNRISE MEDICAL LABORATORIES,7,NA,7,NA
2020-04-22 09:59:00 EDT,NEW YORK STATE ELR - MONTEFIORE MEDICAL CENTER LABORATORIES - MOSES,3,4,NA,NA
2020-04-22 09:59:00 EDT,ST VINCENTS - CLAY COUNTY,3,4,NA,NA
2020-04-22 09:59:00 EDT,TWIN CITIES HOSPITAL,6,6,NA,NA
2020-04-22 09:59:00 EDT,IPSUM DIAGNOSTICS,6,NA,6,NA
2020-04-22 09:59:00 EDT,JAMES A. HALEY VETERANS MICRO LAB,6,NA,6,NA
2020-04-22 09:59:00 EDT,ST. JOSEPHS HOSPITAL,6,NA,6,NA
2020-04-22 09:59:00 EDT,THE COMMONWEALTH OF MASSACHUSETTS,6,NA,6,NA
2020-04-22 09:59:00 EDT,SACRED HEART AT EMERALD COAST,6,NA,6,NA
2020-04-22 09:59:00 EDT,LEE HEALTH-COCONUT POINT LAB,6,NA,6,NA
2020-04-22 09:59:00 EDT,MAYO CLINIC DEPT OF LAB MED PATHOLOGY,6,NA,6,NA
2020-04-22 09:59:00 EDT,GENETWORKX,6,NA,6,NA
2020-04-22 09:59:00 EDT,MEASE,5,5,NA,NA
2020-04-22 09:59:00 EDT,ARCHBOLD MEMORIAL HOSPITAL/LAB,3,2,NA,NA
2020-04-22 09:59:00 EDT,LABCORP - MIAMI,2,3,NA,NA
2020-04-22 09:59:00 EDT,HOLY CROSS HOSPITAL LABORATORY,5,NA,5,NA
2020-04-22 09:59:00 EDT,MICHIGAN DEPARTMENT OF HEALTH AND HUMAN SERVICES,5,NA,5,NA
2020-04-22 09:59:00 EDT,VETERANS AFFAIRS MEDICAL CENTER LAB,5,NA,5,NA
2020-04-22 09:59:00 EDT,NEW YORK STATE ELR - QUEST DIAGNOSTICS INCORPORATED,2,3,NA,NA
2020-04-22 09:59:00 EDT,FLORIDA DEPARTMENT OF HEALTH,3,2,NA,NA
2020-04-22 09:59:00 EDT,LAB INTERMARKET FACILITY LAB,5,NA,5,NA
2020-04-22 09:59:00 EDT,FLORIDA HOSPITAL WAUCHULA,5,5,NA,NA
2020-04-22 09:59:00 EDT,ST JOSEPHS HOSPITAL,5,NA,5,NA
2020-04-22 09:59:00 EDT,NEW JERSEY DEPARTMENT OF HEALTH COMMUNICABLE DISEASE SERVICE,5,NA,5,NA
2020-04-22 09:59:00 EDT,LEE MEMORIAL LAB GULF COAST,5,NA,5,NA
2020-04-22 09:59:00 EDT,CITRUS MEMORIAL HEALTH SYSTEM LAB,1,4,NA,NA
2020-04-22 09:59:00 EDT,AMERICAN HEALTH ASSOCIATES,3,1,NA,NA
2020-04-22 09:59:00 EDT,WATSON CLINIC LLP SOUTH,4,NA,4,NA
2020-04-22 09:59:00 EDT,TRADITION MEDICAL CENTER LABORATORY,4,NA,4,NA
2020-04-22 09:59:00 EDT,COMMUNITY HEALTH OF SOUTH FLORIDA,4,NA,4,NA
2020-04-22 09:59:00 EDT,JACKSON NORTH MEDICAL CENTER,4,NA,4,NA
2020-04-22 09:59:00 EDT,VA MEDICAL CENTER,4,NA,4,NA
2020-04-22 09:59:00 EDT,QUEST INFECTIOUS DISEASE,1,3,NA,NA
2020-04-22 09:59:00 EDT,JFK MEDICAL CENTER NORTH LAB,4,NA,4,NA
2020-04-22 09:59:00 EDT,LAKELAND REGIONAL HEALTH,4,NA,4,NA
2020-04-22 09:59:00 EDT,SACRED HEART-EMERALD COAST,4,NA,4,NA
2020-04-22 09:59:00 EDT,FAWCETT MEMORIAL HOSPITAL-LAB,1,3,NA,NA
2020-04-22 09:59:00 EDT,MEDARBOR DIAGNOSTICS,4,NA,4,NA
2020-04-22 09:59:00 EDT,PATRICK AIR FORCE BASE,4,NA,4,NA
2020-04-22 09:59:00 EDT,FLORIDA HOSPITAL NEW SMYRNA,1,3,NA,NA
2020-04-22 09:59:00 EDT,PHYSICIANS REGIONAL MEDICAL CENTER - PINE RIDGE RD,4,NA,4,NA
2020-04-22 09:59:00 EDT,MOFFFITT CANCER CENTER,4,4,NA,NA
2020-04-22 09:59:00 EDT,ORLANDO VA PALMS,4,NA,4,NA
2020-04-22 09:59:00 EDT,UR MEDICINE LABS- CENTRAL LABORATORY,4,4,NA,NA
2020-04-22 09:59:00 EDT,MEDCOMP SCIENCES,4,NA,4,NA
2020-04-22 09:59:00 EDT,MARTIN MEMORIAL HEALTH SYSTEM LABORATORY,4,NA,4,NA
2020-04-22 09:59:00 EDT,VILLAGES REGIONAL MEDICAL CENTER,3,1,NA,NA
2020-04-22 09:59:00 EDT,FLORIDA DEPARTMENT OF HEALTH IN LAKE COUNTY,3,NA,3,NA
2020-04-22 09:59:00 EDT,WHITE WILSON MEDICAL CENTER CLINIC,3,NA,3,NA
2020-04-22 09:59:00 EDT,MEMORIAL HOSPITAL PEMBROKE,3,NA,3,NA
2020-04-22 09:59:00 EDT,VAMC BAY PINES,3,NA,3,NA
2020-04-22 09:59:00 EDT,PALM BEACH COUNTY HEALTH DEPT LAB,3,3,NA,NA
2020-04-22 09:59:00 EDT,NEW YORK STATE ELR - STONY BROOK UNIVERSITY MEDICAL CENTER,1,2,NA,NA
2020-04-22 09:59:00 EDT,HEALTH CENTRAL HOSPITAL,3,NA,3,NA
2020-04-22 09:59:00 EDT,PENNSYLVANIA DEPARTMENT OF HEALTH BUREAU OF LABORATORIES,3,NA,3,NA
2020-04-22 09:59:00 EDT,AMERICAN ESOTERIC LABORATORIES,3,NA,3,NA
2020-04-22 09:59:00 EDT,TGH,3,NA,3,NA
2020-04-22 09:59:00 EDT,BOCA RATON REGIONAL HOSPITAL LAB,3,NA,3,NA
2020-04-22 09:59:00 EDT,NICHOLS INSTITUTE QUEST DIAGNOSTICS,2,1,NA,NA
2020-04-22 09:59:00 EDT,BAY MEDICAL CENTER SACRED HEART HEALTH SYSTEM,3,NA,3,NA
2020-04-22 09:59:00 EDT,GENUS DIAGNOSTICS,3,NA,3,NA
2020-04-22 09:59:00 EDT,PALM BAY HOSPITAL,1,2,NA,NA
2020-04-22 09:59:00 EDT,HEALTH FIRST-VIERA HOSPITAL,3,NA,3,NA
2020-04-22 09:59:00 EDT,MAYO CLINIC LABS - ROCHESTER SUPERIOR DRIVE,3,NA,3,NA
2020-04-22 09:59:00 EDT,VA OUTPATIENT,3,NA,3,NA
2020-04-22 09:59:00 EDT,GENPATH,3,NA,3,NA
2020-04-22 09:59:00 EDT,MEASE DUNEDIN HOSPITAL,3,NA,3,NA
2020-04-22 09:59:00 EDT,MACDILL AFB HOSPITAL,3,NA,3,NA
2020-04-22 09:59:00 EDT,MISSOURI DEPARTMENT OF HEALTH AND SENIOR SERVICES,3,NA,3,NA
2020-04-22 09:59:00 EDT,FLORIDA DEPT OF HEALTH,2,1,NA,NA
2020-04-22 09:59:00 EDT,NCH HEALTHCARE SYSTEM MICROBIOLOGY LAB,3,NA,3,NA
2020-04-22 09:59:00 EDT,MARTIN MEMORIAL HEALTH SYSTEMS LABORATORY,3,NA,3,NA
2020-04-22 09:59:00 EDT,MIAMI VAMC,3,NA,3,NA
2020-04-22 09:59:00 EDT,"PREMIER LABORATORY SERVICES, LLC",2,NA,2,NA
2020-04-22 09:59:00 EDT,DESOTO MEMORIAL HOSPITAL LAB,2,NA,2,NA
2020-04-22 09:59:00 EDT,NEW YORK STATE DEPARTMENT OF HEALTH,1,1,NA,NA
2020-04-22 09:59:00 EDT,LABCORP - OHIO,2,NA,2,NA
2020-04-22 09:59:00 EDT,LAB CORP TAMPA,2,NA,2,NA
2020-04-22 09:59:00 EDT,PROTEUS MOLECULAR AND CLINICAL LAB,2,NA,2,NA
2020-04-22 09:59:00 EDT,BAY PINES VA,1,1,NA,NA
2020-04-22 09:59:00 EDT,BROWARD HEALTH CARE,2,NA,2,NA
2020-04-22 09:59:00 EDT,HUNTSVILLE HOSPITAL LABORATORY,2,2,NA,NA
2020-04-22 09:59:00 EDT,BROWARD HEALTH MEDICAL CENTER,2,NA,2,NA
2020-04-22 09:59:00 EDT,HEALTH FIRST-PALM BAY,2,NA,2,NA
2020-04-22 09:59:00 EDT,VIERA HOSPITAL,2,NA,2,NA
2020-04-22 09:59:00 EDT,WEST MARION COMMUINITY HOSPTIAL LAB,1,1,NA,NA
2020-04-22 09:59:00 EDT,NORTH BAY HOSPITAL,2,NA,2,NA
2020-04-22 09:59:00 EDT,Assurance Scientific Laboratories,1,1,NA,NA
2020-04-22 09:59:00 EDT,SUNQUEST,1,1,NA,NA
2020-04-22 09:59:00 EDT,ALABAMA DEPARTMENT OF PUBLIC HEALTH,2,NA,2,NA
2020-04-22 09:59:00 EDT,SEBASTIAN RIVER MEDICAL CENTER,2,2,NA,NA
2020-04-22 09:59:00 EDT,TYNDALL AFB,2,NA,2,NA
2020-04-22 09:59:00 EDT,GULF COAST MEDICAL GROUP,2,NA,2,NA
2020-04-22 09:59:00 EDT,NEW YORK STATE ELR - JAMES J PETERS VA MEDICAL CENTER,2,NA,2,NA
2020-04-22 09:59:00 EDT,FLORIDA COMMUNITY HEALTH CENTERS INC,2,NA,2,NA
2020-04-22 09:59:00 EDT,PATHGROUP LABS LLC,2,2,NA,NA
2020-04-22 09:59:00 EDT,LEE HEALTH COCONUT POINT CLINICAL LAB,2,NA,2,NA
2020-04-22 09:59:00 EDT,QUESTDIAGNOSTICS INCORPORATED,2,NA,2,NA
2020-04-22 09:59:00 EDT,Quest Diag Unspecifd,1,1,NA,NA
2020-04-22 09:59:00 EDT,CLEVELAND CLINIC IF,1,1,NA,NA
2020-04-22 09:59:00 EDT,Cleveland Clinic Laboratories,2,NA,2,NA
2020-04-22 09:59:00 EDT,BAYCARE OUTREACH LABORATORY,2,NA,2,NA
2020-04-22 09:59:00 EDT,Lee Memorial Hospital,2,NA,2,NA
2020-04-22 09:59:00 EDT,ST. MARYS MEDICAL CENTER,2,NA,2,NA
2020-04-22 09:59:00 EDT,PHYSICIANS REGIONAL HEALTHCARE SYSTEM,2,NA,2,NA
2020-04-22 09:59:00 EDT,CLEVELAND CLINIC,1,1,NA,NA
2020-04-22 09:59:00 EDT,ST FRANCIS HOSPITAL,2,NA,2,NA
2020-04-22 09:59:00 EDT,SOUTH MIAMI HOSPITAL,2,NA,2,NA
2020-04-22 09:59:00 EDT,LABCORP PHOENIX,2,NA,2,NA
2020-04-22 09:59:00 EDT,INTERCOASTAL MEDICAL GROUP,2,NA,2,NA
2020-04-22 09:59:00 EDT,QUEST DIAGNOSTICS- MELBOURNE,2,NA,2,NA
2020-04-22 09:59:00 EDT,SCDHEC BUREAU OF LABORATORIES,2,NA,2,NA
2020-04-22 09:59:00 EDT,OPTUM LABS LLC,2,NA,2,NA
2020-04-22 09:59:00 EDT,ST JOSEPH HOSPITAL,1,1,NA,NA
2020-04-22 09:59:00 EDT,ADVANCED MEDICAL CARE,2,NA,2,NA
2020-04-22 09:59:00 EDT,LEON MEDICAL CENTER,2,NA,2,NA
2020-04-22 09:59:00 EDT,NEW YORK STATE ELR - ROCHESTER GENERAL HOSPITAL LABORATORY,1,1,NA,NA
2020-04-22 09:59:00 EDT,ST CLOUD REGIONAL MEDICAL CENTER,2,NA,2,NA
2020-04-22 09:59:00 EDT,RAULERSON LAB,2,NA,2,NA
2020-04-22 09:59:00 EDT,ANNE BATES LEACH EYE HOSPITAL/ ABLEH MICROBIOLOGY LABORATORY,1,1,NA,NA
2020-04-22 09:59:00 EDT,UAB,1,NA,1,NA
2020-04-22 09:59:00 EDT,BIO REFERNCE LABORATORIES,1,NA,1,NA
2020-04-22 09:59:00 EDT,TREASURE COAST COMMUNITY HEALTH,1,NA,1,NA
2020-04-22 09:59:00 EDT,FLORIDA HOSPITAL ORLANDO,1,NA,1,NA
2020-04-22 09:59:00 EDT,VENICE REGIONAL MEDICAL CENTER,1,NA,1,NA
2020-04-22 09:59:00 EDT,ACCESSLAB,1,1,NA,NA
2020-04-22 09:59:00 EDT,ACCU REFERENCE MEDICAL LAB,1,NA,1,NA
2020-04-22 09:59:00 EDT,PALMETTO GEN HOSP,1,NA,1,NA
2020-04-22 09:59:00 EDT,WEST VIRGINIA UNIVERSITY HOSPITALS,1,NA,1,NA
2020-04-22 09:59:00 EDT,VA HOSPITAL,1,NA,1,NA
2020-04-22 09:59:00 EDT,UPMC HEALTH SYSTEM,1,1,NA,NA
2020-04-22 09:59:00 EDT,VENICE REGIONAL MEDICAL LAB SERVICES,1,NA,1,NA
2020-04-22 09:59:00 EDT,VA GREATER LOS ANGELES HEALTH CARE SYSTEM,1,NA,1,NA
2020-04-22 09:59:00 EDT,WATSON CLINIC LLP MAIN,1,NA,1,NA
2020-04-22 09:59:00 EDT,CAROMONT HEALTH,1,NA,1,NA
2020-04-22 09:59:00 EDT,CORE LABORATORY,1,1,NA,NA
2020-04-22 09:59:00 EDT,LECONTE MEDICAL CENTER LAB,1,1,NA,NA
2020-04-22 09:59:00 EDT,LEESBURG FAMILY MEDICINE,1,1,NA,NA
2020-04-22 09:59:00 EDT,JOHNSON CITY MEDICAL CENTER,1,1,NA,NA
2020-04-22 09:59:00 EDT,CLINICAL PATHOLOGY LABS,1,1,NA,NA
2020-04-22 09:59:00 EDT,MACDILL AIRFORCE BASE MICRO,1,NA,1,NA
2020-04-22 09:59:00 EDT,LEHIGH VALLEY HOSPITAL,1,NA,1,NA
2020-04-22 09:59:00 EDT,FLORIDA HOSPITAL LABORATORIES,1,1,NA,NA
2020-04-22 09:59:00 EDT,EGLIN REGIONAL MEDICAL CENTER,1,NA,1,NA
2020-04-22 09:59:00 EDT,FL PHL TAMPA,1,1,NA,NA
2020-04-22 09:59:00 EDT,LABCORP - CLEARWATER,1,NA,1,NA
2020-04-22 09:59:00 EDT,MRHS LAB,1,NA,1,NA
2020-04-22 09:59:00 EDT,Mt Sinai Aventura,1,NA,1,NA
2020-04-22 09:59:00 EDT,NEW YORK STATE ELR - SOUTHSIDE HOSPITAL NORTHWELL HEALTH LABORATORY,1,1,NA,NA
2020-04-22 09:59:00 EDT,NEW YORK STATE ELR - QUEST DIAGNOSTICS NICHOLS,1,1,NA,NA
2020-04-22 09:59:00 EDT,BAYCARE ESOTERIC DI RESULTS SS,1,NA,1,NA
2020-04-22 09:59:00 EDT,PROMEDICA LABORITORIES,1,1,NA,NA
2020-04-22 09:59:00 EDT,PRATTVILLE BAPTIST HOSPITAL,1,1,NA,NA
2020-04-22 09:59:00 EDT,GESSLER CLINIC,1,NA,1,NA
2020-04-22 09:59:00 EDT,NEW YORK STATE ELR - NEW YORK CITY DEPARTMENT OF HEALTH & MENTAL,1,1,NA,NA
2020-04-22 09:59:00 EDT,BAYCARE OUTREACH LABORATORY SERVICES,1,1,NA,NA
2020-04-22 09:59:00 EDT,HAWAII DEPARTMENT OF HEALTH LAB,1,NA,1,NA
2020-04-22 09:59:00 EDT,NAVY HOSPITAL,1,NA,1,NA
2020-04-22 09:59:00 EDT,NEW YORK STATE ELR - HUDSON VALLEY HOSPITAL CENTER LABORATORY,1,NA,1,NA
2020-04-22 09:59:00 EDT,NEW YORK STATE ELR - EMPIRECITY LABORATORIES,1,NA,1,NA
2020-04-22 09:59:00 EDT,BAYCARE HEALTH SYSTEM,1,NA,1,NA
2020-04-22 09:59:00 EDT,"BioReference Laboratories, Inc",1,NA,1,NA
2020-04-22 09:59:00 EDT,BAYCARE OUTREACH LAB,1,NA,1,NA
2020-04-22 09:59:00 EDT,JACKSON MEMORIAL HOSPITAL,1,NA,1,NA
2020-04-22 09:59:00 EDT,FULGENT GENETICS,1,NA,1,NA
2020-04-22 09:59:00 EDT,CENTRA CARE,1,NA,1,NA
2020-04-22 09:59:00 EDT,LAB CORP OF AMERICA,1,NA,1,NA
2020-04-22 09:59:00 EDT,LAKE CITY VETERANS HOSPITAL,1,NA,1,NA
2020-04-22 09:59:00 EDT,TUFTS MEDICAL CENTER,1,NA,1,NA
2020-04-22 09:59:00 EDT,VAMC LAKE CITY,1,1,NA,NA
2020-04-22 09:59:00 EDT,LAB CORP PHOENIX,1,NA,1,NA
2020-04-22 09:59:00 EDT,ACCESS HEALTH CARE PHYSICIANS,1,NA,1,NA
2020-04-22 09:59:00 EDT,GARCIA CLINICAL LABORATORY,1,1,NA,NA
2020-04-22 09:59:00 EDT,QUEST - HOUSTON LAB,1,NA,1,NA
2020-04-22 09:59:00 EDT,BAYFRONT HEALTH PUNTA GORDA,1,NA,1,NA
2020-04-22 09:59:00 EDT,AZALEA HEALTH,1,NA,1,NA
2020-04-22 09:59:00 EDT,VA,1,NA,1,NA
2020-04-22 09:59:00 EDT,SOUTHWEST REGIONAL PCR LABORATORY,1,NA,1,NA
2020-04-22 09:59:00 EDT,OHIO DEPARTMENT OF HEALTH LABORATORY,1,1,NA,NA
2020-04-22 09:59:00 EDT,LARKIN COMMUNITY HOSPITAL,1,NA,1,NA
2020-04-22 09:59:00 EDT,IRL MARKET LAB,1,NA,1,NA
2020-04-22 09:59:00 EDT,MILLENNIUM LAB SERVICES,1,NA,1,NA
2020-04-22 09:59:00 EDT,NORTH RIVER FAMILY HEALTH CENTER,1,NA,1,NA
2020-04-22 09:59:00 EDT,C.W. BILL YOUNG VA MEDICAL CENTER,1,NA,1,NA
2020-04-22 09:59:00 EDT,LEE COUNTY HEALTH DEPARTMENT,1,NA,1,NA
2020-04-22 09:59:00 EDT,NEW YORK STATE ELR - CATHOLIC HEALTH SYSTEM DEPT LABORATORY,1,1,NA,NA
2020-04-22 09:59:00 EDT,FLORIDA COMMUNITY HEALTH CENTER OF ST. LUCIE,1,NA,1,NA
2020-04-22 09:59:00 EDT,JOHN HOPKINS MEDICAL LABORATORIES,1,1,NA,NA
2020-04-22 09:59:00 EDT,NEW HAMPSHIRE PUBLIC HEALTH LABORATORIES,1,1,NA,NA
2020-04-22 09:59:00 EDT,LABCORP LAFAYETTE,1,1,NA,NA
2020-04-22 09:59:00 EDT,DOH JACKSONVILLE CENTRAL LABORATORY,1,1,NA,NA
2020-04-22 09:59:00 EDT,REMISE OCCUPATIONAL HEALTH SOLUTIONS INC,1,NA,1,NA
2020-04-22 09:59:00 EDT,SHELBY BAPTIST MEDICAL CENTER,1,NA,1,NA
2020-04-22 09:59:00 EDT,QUEST NEW ENGLAND,1,1,NA,NA
2020-04-22 09:59:00 EDT,CLEVELAND CLINIC FLORIDA,1,NA,1,NA
2020-04-22 09:59:00 EDT,NORTH BROWARD MEDICAL CENTER,1,NA,1,NA
2020-04-22 09:59:00 EDT,MARYLAND DEPARTMENT OF HEALTH AND MENTAL HYGIENE,1,NA,1,NA
2020-04-22 09:59:00 EDT,PARKWEST MEDICAL CENTER,1,1,NA,NA
2020-04-22 09:59:00 EDT,PALMS WEST HOSPITAL,1,NA,1,NA
2020-04-22 09:59:00 EDT,PHYSICIANS STAT,1,NA,1,NA
2020-04-22 09:59:00 EDT,MAYO CLINIC DEPT OF MED AND PATHOLOGY,1,NA,1,NA
2020-04-22 09:59:00 EDT,MEDICAL DIAGNOSTIC LAB,1,1,NA,NA
2020-04-22 09:59:00 EDT,NORTH CAROLINA DEPARTMENT OF HEALTH & HUMAN SERVICES,1,NA,1,NA
2020-04-22 09:59:00 EDT,NEW YORK STATE ELR - CATHOLIC HEALTH SERVICES REGIONAL LABORATORY,1,NA,1,NA
2020-04-22 09:59:00 EDT,MHHS All Lab Subsection,1,1,NA,NA
2020-04-22 09:59:00 EDT,NEW YORK STATE ELR - LENOX HILL HOSPITAL,1,NA,1,NA
2020-04-22 09:59:00 EDT,NEW YORK STATE ELR - WESTCHESTER MEDICAL CENTER,1,1,NA,NA
2020-04-22 09:59:00 EDT,NEW YORK STATE ELR - VASSAR BROTHERS MEDICAL CENTER LABORATORY,1,1,NA,NA
2020-04-22 09:59:00 EDT,BOND CLINIC,1,NA,1,NA
2020-04-22 09:59:00 EDT,CENTRAL FLORIDA HEALTH CARE,1,NA,1,NA
2020-04-22 09:59:00 EDT,BIOREFERENCE LABORATORY,1,1,NA,NA
2020-04-22 09:59:00 EDT,EAST ALABAMA MEDICAL CENTER LABORATORY,1,1,NA,NA
2020-04-22 09:59:00 EDT,COASTAL LABORATORIES,1,NA,1,NA
2020-04-22 09:59:00 EDT,DELRAY MEDICAL CENTER LAB,1,NA,1,NA
2020-04-22 09:59:00 EDT,HALIFAX MEDICAL CENTER,1,NA,1,NA
2020-04-22 09:59:00 EDT,TAMPA GENERAL HOSPITAL CLINICAL LAB,1,NA,1,NA
2020-04-22 09:59:00 EDT,BARDMOOR LABORATORY,1,NA,1,NA
2020-04-22 09:59:00 EDT,BEAUMONT LABORATORY,1,NA,1,NA
2020-04-22 09:59:00 EDT,BAYFRONT HEALTH SPRING HILL,1,NA,1,NA
2020-04-22 09:59:00 EDT,EXCEL URGENT CARE OF NJ,1,NA,1,NA
2020-04-22 09:59:00 EDT,NEW YORK STATE ELR - GOOD SAMARITAN HOSPITAL LABORATORY,1,1,NA,NA
2020-04-22 09:59:00 EDT,SOUTHEAST FAMILY HEALTHCARE CENTER,1,NA,1,NA
2020-04-22 09:59:00 EDT,NEW YORK STATE ELR - WHITE PLAINS HOSPTIAL CENTER LAB,1,1,NA,NA
2020-04-22 09:59:00 EDT,TAMPA,1,1,NA,NA
2020-04-22 09:59:00 EDT,SM AUTOMATED MICRO SUBSECTION,1,1,NA,NA
2020-04-22 09:59:00 EDT,NAVAL HOSPITAL OF JACKSONVILLE,1,NA,1,NA
2020-04-22 09:59:00 EDT,VAMC GAINESVILLE,1,1,NA,NA
2020-04-22 09:59:00 EDT,ALTRU DIAGNOSTICS INC,1,NA,1,NA
2020-04-22 09:59:00 EDT,LABCORP INC,1,1,NA,NA
2020-04-22 09:59:00 EDT,NAVAL HOSPITAL - JACKSONVILLE,1,1,NA,NA
2020-04-22 09:59:00 EDT,ST. JOSEPH HOSPITAL LAB,1,NA,1,NA
2020-04-22 09:59:00 EDT,LABCORP DIAGNOSTICS-MIAMI,1,NA,1,NA
2020-04-22 09:59:00 EDT,DEPARTMENT OF VETERANS AFFAIRS JAMES A. HALEY VETERANS HOSPITAL,1,NA,1,NA
2020-04-22 09:59:00 EDT,SPRING HILL REGIONAL HOSPITAL,1,NA,1,NA
2020-04-22 09:59:00 EDT,QUEST DIAGNOSTICS - IRVING,1,1,NA,NA
2020-04-22 09:59:00 EDT,OCALA REGIONAL MEDICAL CENTER,1,NA,1,NA
2020-04-22 09:59:00 EDT,HEALTH FIRST-HOLMES REGIONAL,1,NA,1,NA
2020-04-22 09:59:00 EDT,CAPE CANAVERAL HOSPITAL,1,NA,1,NA
2020-04-22 09:59:00 EDT,UNKNOWN - BAD FACILITY CODE,1,NA,1,NA
2020-04-22 09:59:00 EDT,ALLIANCE LABS @LRMC,1,NA,1,NA
2020-04-22 09:59:00 EDT,BAYONET POINT MEDICAL CENTER,1,NA,1,NA
2020-04-22 09:59:00 EDT,CALIFORNIA PUBLIC HEALTH LABORATORY,1,NA,1,NA
2020-04-22 09:59:00 EDT,ST. JOSEPH'S HOSPITAL LAB,1,NA,1,NA
2020-04-22 09:59:00 EDT,INTEGRATED REGIONAL LABORATORIES - LARGO,1,NA,1,NA
2020-04-22 09:59:00 EDT,ROBERT WOOD JOHNSON HOSPITAL,1,NA,1,NA
2020-04-22 09:59:00 EDT,NEW YORK STATE ELR - NEWYORK-PRESBYTERIAN/QUEENS DIAGNOSTIC,1,1,NA,NA
2020-04-22 09:59:00 EDT,SANTA ROSA MEDICAL CENTER,1,NA,1,NA
2020-04-22 09:59:00 EDT,STATE LAB,1,1,NA,NA
2020-04-22 09:59:00 EDT,ST FRANCIS,1,NA,1,NA
2020-04-22 09:59:00 EDT,MHS LAB,1,1,NA,NA
2020-04-22 09:59:00 EDT,IRL MARKET LAB ALACHUA,1,1,NA,NA
2020-04-22 09:59:00 EDT,NEW YORK STATE ELR - KALEIDA HEALTH CENTER FOR LABORATORY,1,1,NA,NA
2020-04-22 09:59:00 EDT,NEW YORK STATE ELR - BRONX LEBANON HOSPITAL-MEDICAL CENTER,1,1,NA,NA
2020-04-22 09:59:00 EDT,MUNSON MEDICAL CENTER,1,NA,1,NA
2020-04-22 09:59:00 EDT,LABCORP - ORLANDO,1,1,NA,NA
