timestamp,reporting_lab,inconclusive,negative,positive,total
2020-07-23 00:00:00 EDT,QUEST DIAGNOSTICS - TAMPA,2462,532036,70847,605345
2020-07-23 00:00:00 EDT,LABORATORY CORPORATION OF AMERICA,637,504316,72310,577263
2020-07-23 00:00:00 EDT,"BIO REFERENCE LABORATORIES, INC",2797,344911,61178,408886
2020-07-23 00:00:00 EDT,GENETWORX,662,316169,26907,343738
2020-07-23 00:00:00 EDT,REALTOX LABS LLC,1297,152414,22952,176663
2020-07-23 00:00:00 EDT,ADVENT HEALTH LAB,108,99973,13591,113672
2020-07-23 00:00:00 EDT,NORTHWEST LABORATORY,104,106939,402,107445
2020-07-23 00:00:00 EDT,CURATIVE_LABS,1417,86822,356,88595
2020-07-23 00:00:00 EDT,MEDICAL DIAGNOSTIC LABORATORIES,548,63984,879,65411
2020-07-23 00:00:00 EDT,"KORVALABS, INC",506,67873,257,68636
2020-07-23 00:00:00 EDT,"BIOCOLLECTIONS WORLDWIDE, INC",120,48126,758,49004
2020-07-23 00:00:00 EDT,MAYO CLINIC LABORATORIES,82,49941,458,50481
2020-07-23 00:00:00 EDT,"QUEST DIAGNOSTICS NICHOLS INSTITUTE, INC.",153,43875,527,44555
2020-07-23 00:00:00 EDT,MEMORIAL REGIONAL HOSPITAL SOUTH,18,39658,942,40618
2020-07-23 00:00:00 EDT,BAYCARE LABORATORIES LLC,215,43778,455,44448
2020-07-23 00:00:00 EDT,ORLANDO REG MED CENTER CLINICAL LAB,356,35927,438,36721
2020-07-23 00:00:00 EDT,SACRED HEART HOSPITAL LABORATORY,2,36455,386,36843
2020-07-23 00:00:00 EDT,BPHL-JACKSONVILLE,11,32549,611,33171
2020-07-23 00:00:00 EDT,DIATHERIX LABORATORIES,NA,31367,396,31763
2020-07-23 00:00:00 EDT,TAMPA GENERAL HOSPITAL,4,32603,239,32846
2020-07-23 00:00:00 EDT,TESTING MATTERS INC,NA,30716,413,31129
2020-07-23 00:00:00 EDT,UF PATHLABS,33,32886,109,33028
2020-07-23 00:00:00 EDT,JACKSON MEMORIAL HOSPITAL CLINICAL LAB,79,23886,537,24502
2020-07-23 00:00:00 EDT,VIRACOR-EUROFINS LABORATORIES,NA,22094,706,22800
2020-07-23 00:00:00 EDT,ARUP LABORATORIES,NA,27149,189,27338
2020-07-23 00:00:00 EDT,BPHL-MIAMI,176,20511,388,21075
2020-07-23 00:00:00 EDT,ELABNETWORK,1,22470,170,22641
2020-07-23 00:00:00 EDT,BPHL-TAMPA (SPECTRUM BLVD),43,18659,291,18993
2020-07-23 00:00:00 EDT,SHANDS AT THE UNIVERSITY OF FLORIDA,48,19835,91,19974
2020-07-23 00:00:00 EDT,AIT LABORATORIES,NA,17728,201,17929
2020-07-23 00:00:00 EDT,LAKELAND REGIONAL MEDICAL CENTER,36,15447,169,15652
2020-07-23 00:00:00 EDT,ST VINCENT'S MEDICAL CENTER - RIVERSIDE,1,14876,164,15041
2020-07-23 00:00:00 EDT,WALGREENS,9,13630,217,13856
2020-07-23 00:00:00 EDT,CAPE CORAL HOSPITAL CLINICAL LABORATORY,NA,13130,235,13365
2020-07-23 00:00:00 EDT,BROWARD GENERAL MEDICAL CENTER-CLINICAL LAB,2,11928,159,12089
2020-07-23 00:00:00 EDT,BAPTIST HOSPITAL OF MIAMI CLINICAL LABORATORY,5,9697,177,9879
2020-07-23 00:00:00 EDT,STATLAB_MOBILE,NA,10664,75,10739
2020-07-23 00:00:00 EDT,MAKO MEDICAL LABORATORIES,240,9530,161,9931
2020-07-23 00:00:00 EDT,SHANDS JACKSONVILLE MEDICAL CENTER INC,31,10371,82,10484
2020-07-23 00:00:00 EDT,CLEVELAND CLINIC HOSPITAL LAB,3,9709,93,9805
2020-07-23 00:00:00 EDT,FLORIDA HOSPITAL - TAMPA,5,9427,86,9518
2020-07-23 00:00:00 EDT,BAPTIST MEDICAL CENTER JACKSONVILLE,1,9686,58,9745
2020-07-23 00:00:00 EDT,ADVENTHEALTH DAYTONA BEACH,16,9466,66,9548
2020-07-23 00:00:00 EDT,NAPLES COMMUNITY HOSPITAL,12,8925,96,9033
2020-07-23 00:00:00 EDT,ST JOSEPHS HOSPITAL LABORATORY,7,7895,96,7998
2020-07-23 00:00:00 EDT,PALMETTO GENERAL HOSPITAL LAB,2,6647,207,6856
2020-07-23 00:00:00 EDT,INTEGRATED REGIONAL LABORATORIES LLP,NA,6922,116,7038
2020-07-23 00:00:00 EDT,MOUNT SINAI MEDICAL CENTER,3,7019,77,7099
2020-07-23 00:00:00 EDT,LABCORP BURLINGTON (ELR),2,7475,24,7501
2020-07-23 00:00:00 EDT,MORTON PLANT HOSPITAL-ADLER INSTITUTE,7,6822,54,6883
2020-07-23 00:00:00 EDT,JFK MEDICAL CENTER LAB,1,6205,116,6322
2020-07-23 00:00:00 EDT,SARASOTA MEMORIAL HOSPITAL MAIN LAB,12,6568,61,6641
2020-07-23 00:00:00 EDT,REAL DIAGNOSTICS,77,6449,46,6572
2020-07-23 00:00:00 EDT,TALLAHASSEE MEMORIAL HOSPITAL,1,6501,48,6550
2020-07-23 00:00:00 EDT,SAINT MARY'S MEDICAL CENTER,9,5880,92,5981
2020-07-23 00:00:00 EDT,SOUTH MIAMI HOSPITAL LAB,8,5900,89,5997
2020-07-23 00:00:00 EDT,NORTH FLORIDA REGIONAL MEDICAL CENTER,NA,6209,52,6261
2020-07-23 00:00:00 EDT,BRANDON REGIONAL HOSPITAL,NA,5484,100,5584
2020-07-23 00:00:00 EDT,MILLENNIUM PHYSICIAN GROUP,NA,5336,105,5441
2020-07-23 00:00:00 EDT,MEMORIAL REGIONAL HOSPITAL CLINICAL LABORATORY,7,5659,43,5709
2020-07-23 00:00:00 EDT,UNIVERSITY OF MIAMI HOSPITAL,9,4836,120,4965
2020-07-23 00:00:00 EDT,WELLINGTON REGIONAL MED CTR LAB,3,5191,85,5279
2020-07-23 00:00:00 EDT,FLORIDA HOSPITAL WATERMAN LABORATORY,11,5552,41,5604
2020-07-23 00:00:00 EDT,INDIAN RIVER MEDICAL CENTER LAB,NA,5572,30,5602
2020-07-23 00:00:00 EDT,ECCO LAB GROUP CO,173,4467,120,4760
2020-07-23 00:00:00 EDT,NICKLAUS CHILDREN'S HOSPITAL,10,4947,86,5043
2020-07-23 00:00:00 EDT,JUPITER MEDICAL CENTER LAB,12,5022,76,5110
2020-07-23 00:00:00 EDT,LARKIN COMMUNITY HOSPITAL,10,4656,86,4752
2020-07-23 00:00:00 EDT,BAPTIST HOSPITAL OF MIAMI MOLECULAR DIAGNOSTICS,45,4447,63,4555
2020-07-23 00:00:00 EDT,DELRAY MEDICAL CENTER,2,4413,58,4473
2020-07-23 00:00:00 EDT,PANCARE OF FLORIDA INC,NA,4846,15,4861
2020-07-23 00:00:00 EDT,AEGIS SCIENCES CORPORATION,26,4582,31,4639
2020-07-23 00:00:00 EDT,ST ANTHONY'S HOSPITAL LAB,10,4305,57,4372
2020-07-23 00:00:00 EDT,HOMESTEAD HOSPITAL CLINICAL LABORATORY,NA,3843,100,3943
2020-07-23 00:00:00 EDT,MEMORIAL HOSPITAL JACKSONVILLE,8,3844,95,3947
2020-07-23 00:00:00 EDT,ARNOLD PALMER MEDICAL CENTER CLINICAL LAB,NA,4526,10,4536
2020-07-23 00:00:00 EDT,WINTER HAVEN HOSPITAL CLINICAL LABORATORY,1,3760,69,3830
2020-07-23 00:00:00 EDT,WEST KENDALL BAPTIST HOSPITAL LABORATORY,2,3599,85,3686
2020-07-23 00:00:00 EDT,OSCEOLA REGIONAL MEDICAL CENTER,1,3630,70,3701
2020-07-23 00:00:00 EDT,ST JOSEPHS HOSPITAL SOUTH LABORATORY,4,3704,54,3762
2020-07-23 00:00:00 EDT,GOOD SAMARITAN MEDICAL CENTER LAB,1,3392,68,3461
2020-07-23 00:00:00 EDT,MEASE COUNTRYSIDE LAB,NA,3683,38,3721
2020-07-23 00:00:00 EDT,ORANGE PARK MEDICAL CENTER,4,3115,79,3198
2020-07-23 00:00:00 EDT,GULF COAST MEDICAL CENTER MICROLAB,NA,2870,96,2966
2020-07-23 00:00:00 EDT,BAPTIST MEDICAL CENTER SOUTH,NA,3561,27,3588
2020-07-23 00:00:00 EDT,QUEST DIAGNOSTICS NICHOLS INSTITUTE - SJC (ELR),10,3241,45,3296
2020-07-23 00:00:00 EDT,LAWNWOOD REGIONAL MEDICAL CENTER,1,3149,50,3200
2020-07-23 00:00:00 EDT,FLORIDA HOSPITAL HEARTLAND MED CTR CLINICAL LAB,1,3204,28,3233
2020-07-23 00:00:00 EDT,WESTSIDE REGIONAL MED CTR,2,2810,61,2873
2020-07-23 00:00:00 EDT,WEST BOCA MEDICAL CENTER LAB,NA,3008,37,3045
2020-07-23 00:00:00 EDT,NEW YORK STATE ELR - SUNRISE MEDICAL LABORATORIES,NA,3288,7,3295
2020-07-23 00:00:00 EDT,HALIFAX MEDICAL CENTER LAB,9,2894,461,3364
2020-07-23 00:00:00 EDT,MANATEE MEMORIAL HOSPITAL,NA,2998,360,3358
2020-07-23 00:00:00 EDT,MEMORIAL HOSPITAL WEST LABORATORY SERVICES,8,2993,317,3318
2020-07-23 00:00:00 EDT,BAPTIST HOSPITAL LABORATORY,4,2811,481,3296
2020-07-23 00:00:00 EDT,AVENTURA HOSPITAL LAB,NA,2415,858,3273
2020-07-23 00:00:00 EDT,Lee Memorial Hospital,NA,2659,605,3264
2020-07-23 00:00:00 EDT,FLORIDA HOSPITAL WESLEY CHAPEL,1,2966,291,3258
2020-07-23 00:00:00 EDT,HEALTH PARK MEDICAL CENTER CLINICAL LAB,NA,2585,654,3239
2020-07-23 00:00:00 EDT,WEST FLORIDA HOSPITAL LAB,NA,2547,676,3223
2020-07-23 00:00:00 EDT,MERCY HOSPITAL A CAMPUS OF PLANTATION GEN HOSP LAB,1,2401,799,3201
2020-07-23 00:00:00 EDT,CORAL GABLES HOSPITAL CLINICAL LABORATORY,NA,2426,752,3178
2020-07-23 00:00:00 EDT,APPLIED INGENUITY DIAGNOSTICS LLC,NA,2987,165,3152
2020-07-23 00:00:00 EDT,BROWARD HEALTH NORTH CLINICAL LABORATORY,NA,2713,437,3150
2020-07-23 00:00:00 EDT,NCH NORTH NAPLES HOSPITAL LAB,1,2815,331,3147
2020-07-23 00:00:00 EDT,PALM BEACH GARDENS MEDICAL CTR LAB,NA,2811,317,3128
2020-07-23 00:00:00 EDT,CLEVELAND CLINIC MARTIN SOUTH HOSPITAL,NA,2839,271,3110
2020-07-23 00:00:00 EDT,LARGO MEDICAL CENTER,NA,2680,415,3095
2020-07-23 00:00:00 EDT,BETHESDA HOSPITAL EAST,NA,2751,339,3090
2020-07-23 00:00:00 EDT,DOCTORS HOSPITAL,2,2445,625,3072
2020-07-23 00:00:00 EDT,CORAL SPRINGS MED CTR,NA,2769,302,3071
2020-07-23 00:00:00 EDT,PALMS WEST HOSPITAL LAB,2,2372,611,2985
2020-07-23 00:00:00 EDT,NORTHWEST MEDICAL CENTER,1,2287,683,2971
2020-07-23 00:00:00 EDT,OAK HILL HOSPITAL,NA,2699,271,2970
2020-07-23 00:00:00 EDT,NORTH SHORE MEDICAL CENTER,NA,2284,682,2966
2020-07-23 00:00:00 EDT,DRS CLACK SPENCER WHITE & MCCORMACK PA D/B/A,NA,2535,419,2954
2020-07-23 00:00:00 EDT,FLORIDA HOSPITAL ZEPHYRHILLS,NA,2646,196,2842
2020-07-23 00:00:00 EDT,MOFFITT CANCER CENTER,5,2803,2,2810
2020-07-23 00:00:00 EDT,FLORIDA HOSPITAL FLAGLER,2,2579,159,2740
2020-07-23 00:00:00 EDT,BLAKE MEDICAL CENTER,NA,2135,470,2605
2020-07-23 00:00:00 EDT,MARTIN HOSPITAL SOUTH LAB,NA,2504,9,2513
2020-07-23 00:00:00 EDT,QUEST DIAGNOSTICS - WEST HILLS,11,2451,107,2569
2020-07-23 00:00:00 EDT,Capital Regional Medical Ctr,NA,2105,449,2554
2020-07-23 00:00:00 EDT,FLORIDA MEDICAL CENTER - A CAMPUS OF NORTH SHORE,2,2086,414,2502
2020-07-23 00:00:00 EDT,REGIONAL MEDCIAL CENTER BAYONET POINT,1,2300,185,2486
2020-07-23 00:00:00 EDT,FLORIDA HOSPITAL OF CARROLLWOOD,NA,2043,357,2400
2020-07-23 00:00:00 EDT,NEMOURS CHILDRENS HOSPITAL,NA,2353,4,2357
2020-07-23 00:00:00 EDT,PLANTATION GENERAL HOSPITAL,NA,1745,603,2348
2020-07-23 00:00:00 EDT,BAYFRONT MEDICAL CENTER,7,1727,604,2338
2020-07-23 00:00:00 EDT,FLORIDA HOSPITAL DELAND,NA,1925,380,2305
2020-07-23 00:00:00 EDT,NORTHSIDE HOSPITAL AND HEART INSTITUTE,NA,1969,328,2297
2020-07-23 00:00:00 EDT,MEDICAL CENTER OF TRINITY CLINICAL LABORATORY,NA,1922,342,2264
2020-07-23 00:00:00 EDT,MORTON PLANT-MEASE,NA,2080,166,2246
2020-07-23 00:00:00 EDT,ST JOSEPHS NORTH HOSPITAL LAB,NA,1986,250,2236
2020-07-23 00:00:00 EDT,IMPERIAL POINT MEDICAL CENTER,NA,1965,213,2178
2020-07-23 00:00:00 EDT,OCALA REGIONAL MEDICAL CENTER,NA,1948,198,2146
2020-07-23 00:00:00 EDT,LAKE CITY MEDICAL CENTER,NA,1661,460,2121
2020-07-23 00:00:00 EDT,BAPTIST MEDICAL CENTER - BEACHES,NA,1982,124,2106
2020-07-23 00:00:00 EDT,MARTIN MEMORIAL HEALTH SYSTEM LABORATORY,NA,1880,154,2034
2020-07-23 00:00:00 EDT,CARDIOTROPIC LABS,NA,1544,478,2022
2020-07-23 00:00:00 EDT,LAKEWOOD RANCH MEDICAL CENTER,NA,1815,189,2004
2020-07-23 00:00:00 EDT,DR. P. PHILLIPS HOSPITAL,NA,1926,3,1929
2020-07-23 00:00:00 EDT,CENTRAL FLORIDA REGIONAL HOSPITAL,NA,1679,263,1942
2020-07-23 00:00:00 EDT,SUNPATH MEDICAL DIAGNOSTICS LABORATORY,15,1703,189,1907
2020-07-23 00:00:00 EDT,GULF COAST MEDICAL CENTER LAB,NA,1568,335,1903
2020-07-23 00:00:00 EDT,SOUTH FLORIDA BAPTIST HOSPITAL MICRO,1,1583,283,1867
2020-07-23 00:00:00 EDT,ST LUCIE MEDICAL CENTER,NA,1551,314,1865
2020-07-23 00:00:00 EDT,WESTCHESTER HOSPITAL,12,1527,292,1831
2020-07-23 00:00:00 EDT,SOUTH LAKE HOSPITAL CLINICAL LAB,NA,1722,3,1725
2020-07-23 00:00:00 EDT,POINCIANA MEDICAL CENTER,NA,1272,462,1734
2020-07-23 00:00:00 EDT,RUTGERS CLINICAL GENOMICS LABORATORY,3,1615,104,1722
2020-07-23 00:00:00 EDT,BAPTIST MEDICAL CENTER - NASSAU,NA,1567,8,1575
2020-07-23 00:00:00 EDT,FLORIDA HOSPITAL NORTH PINELLAS,5,1518,120,1643
2020-07-23 00:00:00 EDT,QUEST DIAGNOSTICS,2,1368,241,1611
2020-07-23 00:00:00 EDT,UNIVERSITY HOSPITAL AND MEDICAL CENTER,NA,1207,402,1609
2020-07-23 00:00:00 EDT,PHYSICIANS REGIONAL MEDICAL CENTER - PINE RIDGE RD,NA,1287,292,1579
2020-07-23 00:00:00 EDT,MEMORIAL HOSPITAL- MIRAMAR,10,1442,120,1572
2020-07-23 00:00:00 EDT,LEESBURG REGIONAL MEDICAL CENTER,NA,1383,165,1548
2020-07-23 00:00:00 EDT,OPTEO LABORATORY,NA,1500,2,1502
2020-07-23 00:00:00 EDT,WEST PALM HOSPITAL LAB,NA,1306,219,1525
2020-07-23 00:00:00 EDT,MEMORIAL HOSPITAL MICRO,NA,1347,165,1512
2020-07-23 00:00:00 EDT,LEE HEALTH COCONUT POINT CLINICAL LAB,1,1189,285,1475
2020-07-23 00:00:00 EDT,WEST MARION COMMUINITY HOSPTIAL LAB,NA,1345,113,1458
2020-07-23 00:00:00 EDT,ST PETERSBURG GENERAL HOSPITAL,NA,1038,414,1452
2020-07-23 00:00:00 EDT,SOUTH SEMINOLE HOSPITAL LABORATORY,NA,1373,4,1377
2020-07-23 00:00:00 EDT,MEASE DUNEDIN HOSPITAL,1,1271,137,1409
2020-07-23 00:00:00 EDT,CITRUS MEMORIAL HOSPITAL LABORATORY,NA,1353,4,1357
2020-07-23 00:00:00 EDT,QUEST DIAGNOSTICS LENEXA,5,1256,8,1269
2020-07-23 00:00:00 EDT,HIALEAH HOSPITAL,3,984,358,1345
2020-07-23 00:00:00 EDT,MEDCOMP SCIENCES LLC,21,897,426,1344
2020-07-23 00:00:00 EDT,MEMORIAL HOSPITAL PEMBROKE,3,1187,152,1342
2020-07-23 00:00:00 EDT,OVIEDO MEDICAL CENTER,NA,1127,208,1335
2020-07-23 00:00:00 EDT,ST VINCENT'S MEDICAL CENTER - SOUTHSIDE,NA,1307,2,1309
2020-07-23 00:00:00 EDT,FORT WALTON BEACH MEDICAL CENTER,NA,1159,153,1312
2020-07-23 00:00:00 EDT,BAPTIST NORTH EMERGENCY CENTER,NA,920,388,1308
2020-07-23 00:00:00 EDT,FLORIDA HOSPITAL FISH MEMORIAL,NA,1068,229,1297
2020-07-23 00:00:00 EDT,QUEST NEW ENGLAND,1,1247,4,1252
2020-07-23 00:00:00 EDT,DOCTORS HOSPITAL OF SARASOTA CLINICAL LABORATORY,NA,1120,123,1243
2020-07-23 00:00:00 EDT,VISTA CLINICAL,NA,743,492,1235
2020-07-23 00:00:00 EDT,CLINICORE LABS,NA,1112,8,1120
2020-07-23 00:00:00 EDT,PALMS OF PASADENA HOSPITAL,NA,997,167,1164
2020-07-23 00:00:00 EDT,LOWER KEYS MEDICAL CENTER,NA,1024,8,1032
2020-07-23 00:00:00 EDT,QUEST DIAGNOSTICS - ATLANTA,NA,936,166,1102
2020-07-23 00:00:00 EDT,UHEALTH CORAL GABLES/LENNAR MED CTR,NA,1010,7,1017
2020-07-23 00:00:00 EDT,CLEVELAND CLINIC TRADITION HOSPITAL,NA,949,123,1072
2020-07-23 00:00:00 EDT,RAULERSON HOSPITAL,NA,878,165,1043
2020-07-23 00:00:00 EDT,QUEST DIAGNOSTICS - MIRAMAR,6,295,740,1041
2020-07-23 00:00:00 EDT,SOUTH BAY HOSPITAL MICRO,NA,863,152,1015
2020-07-23 00:00:00 EDT,CLEVELAND CLINIC MARTIN NORTH HOSPITAL,NA,856,140,996
2020-07-23 00:00:00 EDT,PUTNAM COMMUNITY MEDICAL CENTER,NA,879,116,995
2020-07-23 00:00:00 EDT,LMHS,NA,901,7,908
2020-07-23 00:00:00 EDT,BARTOW REGIONAL MEDICAL CENTER,1,821,141,963
2020-07-23 00:00:00 EDT,BMCT Molecular Diagnostics Subsection,NA,758,190,948
2020-07-23 00:00:00 EDT,PHYSICIANS REGIONAL MEDICAL CENTER - COLLIER BLVD,1,760,181,942
2020-07-23 00:00:00 EDT,ORLANDO VA MEDICAL CENTER,NA,853,8,861
2020-07-23 00:00:00 EDT,LEON MEDICAL CENTERS LLC,NA,695,225,920
2020-07-23 00:00:00 EDT,THE VILLAGES REGIONAL HOSPITAL,NA,827,9,836
2020-07-23 00:00:00 EDT,TWIN CITIES HOSPITAL,NA,849,6,855
2020-07-23 00:00:00 EDT,VIKOR SCIENTIFIC,2,601,305,908
2020-07-23 00:00:00 EDT,BETHESDA HOSPITAL WEST,NA,793,7,800
2020-07-23 00:00:00 EDT,AMERICAN HEALTH ASSOCIATES,5,487,356,848
2020-07-23 00:00:00 EDT,ADVENTHEALTH OCALA LABORATORY,NA,688,147,835
2020-07-23 00:00:00 EDT,SYNERGY LABORATORIES,2,766,5,773
2020-07-23 00:00:00 EDT,FLORIDA HOSPITAL ORLANDO,NA,745,5,750
2020-07-23 00:00:00 EDT,ST VINCENTS CLAY COUNTY,NA,775,2,777
2020-07-23 00:00:00 EDT,ANNE BATES LEACH EYE HOSPITAL/ ABLEH MICROBIOLOGY LABORATORY,NA,771,2,773
2020-07-23 00:00:00 EDT,HIGHLANDS REGIONAL MEDICAL CENTER,NA,698,8,706
2020-07-23 00:00:00 EDT,LAKESIDE MEDICAL CENTER,NA,505,275,780
2020-07-23 00:00:00 EDT,"P4 CLINICAL, LLC",9,645,125,779
2020-07-23 00:00:00 EDT,GULF BREEZE HOSPITAL LAB,1,614,9,624
2020-07-23 00:00:00 EDT,AVENTUS BIOLABS,1,380,303,684
2020-07-23 00:00:00 EDT,ENGLEWOOD COMMUNITY HOSPITAL,NA,627,5,632
2020-07-23 00:00:00 EDT,QUEST DIAGNOSTICS INFECTIOUS DISEASE INC,NA,290,387,677
2020-07-23 00:00:00 EDT,VISTA CLINICAL DIAGNOSTICS,NA,357,304,661
2020-07-23 00:00:00 EDT,ACCESSDX,6,355,289,650
2020-07-23 00:00:00 EDT,SACRED HEART-EMERALD COAST,NA,540,9,549
2020-07-23 00:00:00 EDT,CAPSTONE HEALTHCARE,NA,425,210,635
2020-07-23 00:00:00 EDT,BAPTIST EMERGENCY CENTER OAKLEAF,NA,510,103,613
2020-07-23 00:00:00 EDT,ACCESS MEDICAL LABORATORIES,NA,229,338,567
2020-07-23 00:00:00 EDT,MARINERS HOSPITAL,NA,476,7,483
2020-07-23 00:00:00 EDT,ORLANDO HEALTH,NA,11,513,524
2020-07-23 00:00:00 EDT,EGLIN AIRFORCE BASE LAB,NA,478,3,481
2020-07-23 00:00:00 EDT,BAPTIST HEALTH EMERGENCY CENTER COUNTRY WALK,NA,436,7,443
2020-07-23 00:00:00 EDT,QUEST DIAGNOSTICS WOOD DALE,NA,453,4,457
2020-07-23 00:00:00 EDT,BAPTIST EMERGENCY CENTER CLAY,NA,434,6,440
2020-07-23 00:00:00 EDT,PATIENTS CHOICE LABORATORIES,NA,178,307,485
2020-07-23 00:00:00 EDT,LAB24 INC,NA,NA,475,475
2020-07-23 00:00:00 EDT,VAMC ORLANDO,NA,296,172,468
2020-07-23 00:00:00 EDT,NIGHT LITE PEDIATRICS,NA,289,154,443
2020-07-23 00:00:00 EDT,NCH HEALTHCARE SYSTEM MICROBIOLOGY LAB,NA,1,441,442
2020-07-23 00:00:00 EDT,UNIVERSITY OF MIAMI HOSPITAL & CLINICS,1,401,3,405
2020-07-23 00:00:00 EDT,MARTIN MEMORIAL HEALTH SYSTEMS LABORATORY,NA,407,3,410
2020-07-23 00:00:00 EDT,LEE MEMORIAL HOSPITAL LAB,NA,NA,435,435
2020-07-23 00:00:00 EDT,"PANCARE OF FLORIDA, INC",NA,NA,435,435
2020-07-23 00:00:00 EDT,QUEST,3,76,330,409
2020-07-23 00:00:00 EDT,BARDMOOR LABORATORY,1,346,5,352
2020-07-23 00:00:00 EDT,LABCORP RTP,1,39,352,392
2020-07-23 00:00:00 EDT,QUEST DIAGNOSTICS - IRVING,6,225,159,390
2020-07-23 00:00:00 EDT,HEALTHQUEST ESOTERICS,NA,66,321,387
2020-07-23 00:00:00 EDT,PATHNOSTICS,NA,22,361,383
2020-07-23 00:00:00 EDT,WALGREEN CO,1,335,4,340
2020-07-23 00:00:00 EDT,AVERO DIAGNOSTICS - IRVING,NA,332,4,336
2020-07-23 00:00:00 EDT,QUEST DIAGNOSTICS NICHOLS INSTITUTE,5,351,1,357
2020-07-23 00:00:00 EDT,SOUTHEAST ALABAMA MEDICAL CENT,NA,337,2,339
2020-07-23 00:00:00 EDT,NCH NORTHEAST,NA,232,129,361
2020-07-23 00:00:00 EDT,TAMPA COMMUNITY HOSPITAL,NA,225,136,361
2020-07-23 00:00:00 EDT,NONE,NA,185,164,349
2020-07-23 00:00:00 EDT,JACKSON HOSPITAL LAB,NA,310,2,312
2020-07-23 00:00:00 EDT,PWN HEALTH,1,155,174,330
2020-07-23 00:00:00 EDT,MEMORIAL PEMBROKE 24/7 CARE CENTER,NA,240,8,248
2020-07-23 00:00:00 EDT,BIOREFERENCE LABORATORIES,NA,25,297,322
2020-07-23 00:00:00 EDT,CLARITY LABS,NA,272,4,276
2020-07-23 00:00:00 EDT,BOSTON HEART DIAGNOSTICS CORP,NA,305,1,306
2020-07-23 00:00:00 EDT,DAVITA LABS,NA,289,2,291
2020-07-23 00:00:00 EDT,ADVANCE MEDICAL OF NAPLES,NA,NA,310,310
2020-07-23 00:00:00 EDT,APPLIED INGENUITY DIAGNOSTICS,NA,274,2,276
2020-07-23 00:00:00 EDT,INFORM DIAGNOSTICS,NA,295,NA,295
2020-07-23 00:00:00 EDT,PATIENTS FIRST - MAHAN DRIVE,NA,161,136,297
2020-07-23 00:00:00 EDT,BIO COLLECTIONS INC,1,151,139,291
2020-07-23 00:00:00 EDT,LUMINUS DIAGNOSTICS,NA,209,8,217
2020-07-23 00:00:00 EDT,DYNIX DIAGNOSTICS,NA,187,9,196
2020-07-23 00:00:00 EDT,JACKSON HOSPITAL CLINICAL LABORATORY,NA,229,5,234
2020-07-23 00:00:00 EDT,UHEALTH DEERFIELD BEACH/UMSYLVESTER DEERFIELD BEACH LABORATORY,1,255,2,258
2020-07-23 00:00:00 EDT,ECCOLAB GROUP,1,73,195,269
2020-07-23 00:00:00 EDT,NEW YORK STATE ELR - NORTH SHORE LONG ISLAND JEWISH HEALTH,NA,250,1,251
2020-07-23 00:00:00 EDT,NEW YORK STATE ELR - LENCO MEDICAL LABORATORY,NA,253,1,254
2020-07-23 00:00:00 EDT,PATIENT'S FIRST,NA,3,253,256
2020-07-23 00:00:00 EDT,MARTIN MEMORIAL LABORATORY AT ST LUCIE WEST,NA,217,3,220
2020-07-23 00:00:00 EDT,UAB HIGHLANDS LABORATORY,NA,249,NA,249
2020-07-23 00:00:00 EDT,PHYSICIANS STAT LAB,NA,133,112,245
2020-07-23 00:00:00 EDT,NEW YORK STATE ELR - NYU HOSPITALS CENTER CLINICAL LABORATORIES,NA,229,1,230
2020-07-23 00:00:00 EDT,NEW YORK STATE ELR - DEPARTMENT OF CLINICAL LABS,NA,232,NA,232
2020-07-23 00:00:00 EDT,LABCORP,NA,19,215,234
2020-07-23 00:00:00 EDT,MAKO GENOMICS,NA,218,1,219
2020-07-23 00:00:00 EDT,MINUTECLINIC LLC #3703,NA,192,3,195
2020-07-23 00:00:00 EDT,FLO-MEDILAB SERVICES,NA,80,140,220
2020-07-23 00:00:00 EDT,GENESIS REFERENCE LABORATORIES,NA,1,216,217
2020-07-23 00:00:00 EDT,MEDSCAN LABORATORY INC,NA,136,7,143
2020-07-23 00:00:00 EDT,Assurance Scientific Laboratories,NA,167,4,171
2020-07-23 00:00:00 EDT,THERADOC,NA,150,5,155
2020-07-23 00:00:00 EDT,NCF DIAGNOSTICS & DNA TECHNOLOGIES,10,14,181,205
2020-07-23 00:00:00 EDT,CORE DIAGNOSTIC LABORATORIES LLC,NA,174,2,176
2020-07-23 00:00:00 EDT,LAB CORP,1,65,135,201
2020-07-23 00:00:00 EDT,DESOTO MEMORIAL HOSPITAL CLINICAL LABORATORY,2,145,5,152
2020-07-23 00:00:00 EDT,JAY HOSPITAL CLINICAL LABORATORY,NA,154,3,157
2020-07-23 00:00:00 EDT,MILLENNIUM PATHOLOGY,NA,NA,189,189
2020-07-23 00:00:00 EDT,HENDRY REGIONAL MEDICAL CENTER,NA,2,185,187
2020-07-23 00:00:00 EDT,BAPTIST MD ANDERSON CANCER CENTER,NA,172,NA,172
2020-07-23 00:00:00 EDT,ST CLOUD REGIONAL MEDICAL CENTER,NA,126,4,130
2020-07-23 00:00:00 EDT,EXPRESS GENE MOLECULAR DIAGNOSTIC LABORATORY,NA,2,166,168
2020-07-23 00:00:00 EDT,NORTH FLORIDA PEDIATRICS-TALLAHASSEE,NA,149,1,150
2020-07-23 00:00:00 EDT,GENESIS MEDICAL LABORATORY MIAMI FL.,NA,78,8,86
2020-07-23 00:00:00 EDT,TENNESSEE DOH - NASHVILLE,1,144,1,146
2020-07-23 00:00:00 EDT,ADVENTHEALTH LAB,NA,NA,154,154
2020-07-23 00:00:00 EDT,PATHGROUP LABS LLC,NA,90,6,96
2020-07-23 00:00:00 EDT,ORLANDO VETERANS AFFAIRS MEDICAL CENTER,NA,32,119,151
2020-07-23 00:00:00 EDT,HOLMES REGIONAL MEDICAL CENTER,NA,3,144,147
2020-07-23 00:00:00 EDT,ORLANDO VAMC,NA,79,6,85
2020-07-23 00:00:00 EDT,SMA SPECIALITY MEDICAL LAB,NA,53,9,62
2020-07-23 00:00:00 EDT,CURATIVE LABS,NA,3,142,145
2020-07-23 00:00:00 EDT,SANFORD REFERENCE LAB,NA,145,NA,145
2020-07-23 00:00:00 EDT,UNKNOWN,NA,8,136,144
2020-07-23 00:00:00 EDT,BIOCERNA LLC,2,98,4,104
2020-07-23 00:00:00 EDT,ASCEND CLINICAL,NA,137,NA,137
2020-07-23 00:00:00 EDT,NCH HEALTHCARE BONITA,NA,95,4,99
2020-07-23 00:00:00 EDT,NEW YORK STATE ELR - NEW YORK PRESBYTERIAN HOSPITAL CUMC CLINICAL,NA,125,1,126
2020-07-23 00:00:00 EDT,BAY PINES VAMC CLINICAL LABORATORY,NA,2,132,134
2020-07-23 00:00:00 EDT,LABCORP TAMPA,1,16,115,132
2020-07-23 00:00:00 EDT,MEMPHIS PATHOLOGY LABORATORY,1,124,NA,125
2020-07-23 00:00:00 EDT,FLORIDA HOSPITAL WAUCHULA,NA,66,6,72
2020-07-23 00:00:00 EDT,SUNRISE MEDICAL LABORATORIES,NA,96,3,99
2020-07-23 00:00:00 EDT,FLAGLER HOSPITAL,3,15,111,129
2020-07-23 00:00:00 EDT,BMHSI-AEL MICROBIOLOGY LABORATORY,2,102,2,106
2020-07-23 00:00:00 EDT,AKESOGEN,NA,119,NA,119
2020-07-23 00:00:00 EDT,UAB UNIVERSITY OF ALABAMA HOSPITAL LAB,NA,120,NA,120
2020-07-23 00:00:00 EDT,LABTECH DIAGNOSTIC,NA,83,4,87
2020-07-23 00:00:00 EDT,QUALITOX LABORATORIES,NA,96,2,98
2020-07-23 00:00:00 EDT,NEO GENOMICS - FORT MYERS,NA,117,NA,117
2020-07-23 00:00:00 EDT,MILLENNIUM PATHOLOGY/MICROBIOLOGY LABORATORY,NA,NA,120,120
2020-07-23 00:00:00 EDT,NEW YORK STATE ELR - MOUNT SINAI LABORATORY,NA,112,NA,112
2020-07-23 00:00:00 EDT,VAMC WEST PALM LAB,NA,NA,120,120
2020-07-23 00:00:00 EDT,FLORIDA LABORATORY ANALYSIS,NA,27,9,36
2020-07-23 00:00:00 EDT,JAMES A. HALEY VETERANS MICRO LAB,NA,NA,118,118
2020-07-23 00:00:00 EDT,BUREAU OF CLINICAL LABORATORIES,NA,98,1,99
2020-07-23 00:00:00 EDT,NONA SCIENTIFIC,NA,NA,115,115
2020-07-23 00:00:00 EDT,PALM BEACH COUNTY HEALTH DEPT LAB,NA,112,NA,112
2020-07-23 00:00:00 EDT,ALLIED HEALTH FORT PIERCE,NA,112,NA,112
2020-07-23 00:00:00 EDT,HOLY CROSS HOSPITAL LABORATORY,NA,NA,111,111
2020-07-23 00:00:00 EDT,INTEGRATED REGIONAL LABORATORIES,NA,99,1,100
2020-07-23 00:00:00 EDT,NEW YORK STATE ELR - NEW YORK HOSPITAL LABORATORIES,NA,104,NA,104
2020-07-23 00:00:00 EDT,AVECINA MEDICAL OAKLEAF,NA,7,101,108
2020-07-23 00:00:00 EDT,LEHIGH REGIONAL MEDICAL CENTER LAB,NA,96,1,97
2020-07-23 00:00:00 EDT,ASAP LAB LLC,NA,90,1,91
2020-07-23 00:00:00 EDT,MILLENNIUM LAB SERVICES,NA,NA,104,104
2020-07-23 00:00:00 EDT,VETERANS AFFAIRS MEDICAL CENTER LAB,NA,NA,101,101
2020-07-23 00:00:00 EDT,NITE LITE PEDIATRICS,NA,56,4,60
2020-07-23 00:00:00 EDT,STEWARD REFERENCE LABORATORY,NA,NA,9,9
2020-07-23 00:00:00 EDT,CENTRA CARE,NA,1,9,10
2020-07-23 00:00:00 EDT,IRL MARKET LAB,NA,60,3,63
2020-07-23 00:00:00 EDT,ROSEN MEDICAL CENTER,NA,86,NA,86
2020-07-23 00:00:00 EDT,DIAGNOSTIC SOLUTIONS,NA,3,9,12
2020-07-23 00:00:00 EDT,TEMPUS CLINICAL LABORATORY,NA,80,1,81
2020-07-23 00:00:00 EDT,GESSLER CLINIC,NA,NA,9,9
2020-07-23 00:00:00 EDT,USAFSAM/PHE,NA,23,6,29
2020-07-23 00:00:00 EDT,SPARROW HEALTHCARE,NA,1,8,9
2020-07-23 00:00:00 EDT,NEW YORK STATE ELR - ENZO CLINICAL LABS INC,NA,86,NA,86
2020-07-23 00:00:00 EDT,GENETWORKX,NA,15,7,22
2020-07-23 00:00:00 EDT,"MEDICAL DIAGNOSTICS LABORATORIES,INC",NA,16,6,22
2020-07-23 00:00:00 EDT,MOLECULAR INFECTIOUS DISEASES,NA,81,NA,81
2020-07-23 00:00:00 EDT,MICROGEN DX,NA,1,8,9
2020-07-23 00:00:00 EDT,MARTIN MEMORIAL MEDICAL CENTER LAB,NA,12,6,18
2020-07-23 00:00:00 EDT,ADVENT HEALTH DAYTONA,NA,1,7,8
2020-07-23 00:00:00 EDT,ACUTIS DIAGNOSTICS,1,62,1,64
2020-07-23 00:00:00 EDT,ST JUDE CHILDREN'S RESEARCH HOSPITAL,NA,68,NA,68
2020-07-23 00:00:00 EDT,CURATIVE LABS INC,NA,12,6,18
2020-07-23 00:00:00 EDT,UR MEDICINE LABS- CENTRAL LABORATORY,NA,73,NA,73
2020-07-23 00:00:00 EDT,WUESTHOFF REF LABORATORY,NA,NA,7,7
2020-07-23 00:00:00 EDT,MAYO CLINIC LABS - ROCHESTER MAIN CAMPUS,NA,71,NA,71
2020-07-23 00:00:00 EDT,FLORIDA HOSPITAL HEARTLAND MED CTR LAKE PLACID,NA,53,1,54
2020-07-23 00:00:00 EDT,FLORIDA COMMUNITY HEALTH CENTERS INC,NA,NA,7,7
2020-07-23 00:00:00 EDT,MEDARBOR DIAGNOSTICS,NA,1,6,7
2020-07-23 00:00:00 EDT,Highlands Regional Hospital,NA,63,NA,63
2020-07-23 00:00:00 EDT,CENTRAL FLORIDA HEALTH CARE,NA,46,2,48
2020-07-23 00:00:00 EDT,BAPTIST HEALTH SOUTH FLORIDA,NA,3,6,9
2020-07-23 00:00:00 EDT,VAMC BAY PINES,NA,1,6,7
2020-07-23 00:00:00 EDT,"QPS, LLC",NA,63,NA,63
2020-07-23 00:00:00 EDT,DAVITA LABORATORY SERVICES,NA,48,1,49
2020-07-23 00:00:00 EDT,SANTA ROSA MEDICAL CENTER,NA,NA,6,6
2020-07-23 00:00:00 EDT,AEL- MEMPHIS,NA,17,4,21
2020-07-23 00:00:00 EDT,C.W. BILL YOUNG VA MEDICAL CENTER,NA,3,5,8
2020-07-23 00:00:00 EDT,REAL DIAGNOSTIC,1,40,1,42
2020-07-23 00:00:00 EDT,AVERO DIAGNOSTICS,NA,46,1,47
2020-07-23 00:00:00 EDT,FAST TRACK URGENT CARE CENTER,NA,NA,6,6
2020-07-23 00:00:00 EDT,HOLY CROSS HOSPITAL,NA,1,5,6
2020-07-23 00:00:00 EDT,AVECINA MEDICAL JULINGTON,NA,6,5,11
2020-07-23 00:00:00 EDT,CENTRACARE,NA,1,5,6
2020-07-23 00:00:00 EDT,LABCORP BURLINGTON (LPP),NA,12,4,16
2020-07-23 00:00:00 EDT,AVECINA MEDICAL SOUTHSIDE,NA,32,2,34
2020-07-23 00:00:00 EDT,FINLAY CLINICAL LABORATORY,NA,24,3,27
2020-07-23 00:00:00 EDT,GENE BY GENE,NA,NA,5,5
2020-07-23 00:00:00 EDT,VAMC LAKE CITY,NA,51,NA,51
2020-07-23 00:00:00 EDT,INTERCOASTAL MEDICAL GROUP,NA,NA,5,5
2020-07-23 00:00:00 EDT,LEON MEDICAL CENTER,NA,NA,5,5
2020-07-23 00:00:00 EDT,BROWARD HEALTH MEDICAL CENTER,NA,1,5,6
2020-07-23 00:00:00 EDT,ORLANDO VA PALMS,NA,2,5,7
2020-07-23 00:00:00 EDT,SARASOTA CO. HEALTH DEPT # 58,NA,40,1,41
2020-07-23 00:00:00 EDT,NEW YORK STATE ELR - WADSWORTH HEALTH CENTER,NA,47,NA,47
2020-07-23 00:00:00 EDT,P4 DIAGNOSTIX LABORATORY NETWORK,NA,1,4,5
2020-07-23 00:00:00 EDT,MILLENIUM PHYSICIANS GROUP,NA,NA,4,4
2020-07-23 00:00:00 EDT,AMELIA URGENT CARE,NA,NA,4,4
2020-07-23 00:00:00 EDT,ARTHREX MEDICAL CENTER,NA,27,2,29
2020-07-23 00:00:00 EDT,HOSPITAL FOR SPECIAL SURGERY,NA,46,NA,46
2020-07-23 00:00:00 EDT,H LEE MOFFITT CANCER CENTER MICRO,NA,46,NA,46
2020-07-23 00:00:00 EDT,VHA PUBLIC HEALTH REFERENCE LABORATORY- PALO ALTO,NA,27,1,28
2020-07-23 00:00:00 EDT,BIOREFERENCE LABORATORY,NA,1,4,5
2020-07-23 00:00:00 EDT,TOM LEE COMMUNITY HEALTH CENTER,NA,NA,4,4
2020-07-23 00:00:00 EDT,FULGENT DIAGNOSTICS,3,36,NA,39
2020-07-23 00:00:00 EDT,UNITED CLINICAL LABORATORY LLC,NA,NA,4,4
2020-07-23 00:00:00 EDT,HURLBURT FIELD CLINIC,NA,23,2,25
2020-07-23 00:00:00 EDT,HEALTH FIRST-HOLMES REGIONAL,NA,NA,4,4
2020-07-23 00:00:00 EDT,QUEST TAMPA (NEW YORK ELR),NA,32,NA,32
2020-07-23 00:00:00 EDT,BAYCARE LAB,NA,1,4,5
2020-07-23 00:00:00 EDT,NEW YORK STATE ELR - EMPIRECITY LABORATORIES,NA,35,NA,35
2020-07-23 00:00:00 EDT,EGLIN REGIONAL MEDICAL CENTER,NA,4,3,7
2020-07-23 00:00:00 EDT,FISHERMENS HOSPITAL CLINICAL LAB,NA,37,NA,37
2020-07-23 00:00:00 EDT,NAVY HOSPITAL,NA,NA,3,3
2020-07-23 00:00:00 EDT,MAVERICK LABS,NA,NA,3,3
2020-07-23 00:00:00 EDT,FLORIDA HOSPITAL NEW SMYRNA,NA,4,3,7
2020-07-23 00:00:00 EDT,MORTON PLANT HOSPITAL,NA,NA,3,3
2020-07-23 00:00:00 EDT,VAMC GAINESVILLE,NA,2,3,5
2020-07-23 00:00:00 EDT,PROVIDENCE HOSPITAL LABORATORY,NA,35,NA,35
2020-07-23 00:00:00 EDT,DYNAMIC MEDICAL USA,NA,NA,3,3
2020-07-23 00:00:00 EDT,"RCA LABORATORY SERVICES, LLC",NA,7,2,9
2020-07-23 00:00:00 EDT,CLINICAL REFERENCE LABORATORY,NA,31,NA,31
2020-07-23 00:00:00 EDT,IRL,NA,4,3,7
2020-07-23 00:00:00 EDT,ST. CLOUD MEDICAL GROUP,NA,35,NA,35
2020-07-23 00:00:00 EDT,FLORIDA WOMAN CARE LABORATORY LLC,NA,28,NA,28
2020-07-23 00:00:00 EDT,VA MEDICAL CENTER,NA,7,2,9
2020-07-23 00:00:00 EDT,LAB CORP RTP,1,2,3,6
2020-07-23 00:00:00 EDT,BAYCARE HEALTH SYSTEM,NA,1,3,4
2020-07-23 00:00:00 EDT,NEW YORK STATE ELR - KALEIDA HEALTH CENTER FOR LABORATORY,NA,29,NA,29
2020-07-23 00:00:00 EDT,DEPARTMENT OF VETERANS AFFAIRS JAMES A. HALEY VETERANS HOSPITAL,NA,NA,3,3
2020-07-23 00:00:00 EDT,SMA MEDICAL LABORATORY,NA,8,2,10
2020-07-23 00:00:00 EDT,SACRED HEART HOSPITAL ON THE GULF,NA,14,1,15
2020-07-23 00:00:00 EDT,FLORIDA CLINICAL LABORATORY-BIOREFERENCE LABORATORIES,NA,2,3,5
2020-07-23 00:00:00 EDT,"BioReference Laboratories, Inc",NA,21,1,22
2020-07-23 00:00:00 EDT,DESOTO MEMORIAL HOSPITAL LAB,NA,NA,3,3
2020-07-23 00:00:00 EDT,QUEST DIAGNOSTICS-VERO BEACH-37TH ST,NA,31,NA,31
2020-07-23 00:00:00 EDT,LAB CORP TAMPA,NA,NA,3,3
2020-07-23 00:00:00 EDT,CAREMOUNT MEDICAL - PATHOLOGY,NA,30,NA,30
2020-07-23 00:00:00 EDT,MEDICAL DIAGNOSTIC LAB,NA,1,2,3
2020-07-23 00:00:00 EDT,USA HEALTH UNIVERSITY HOSPITAL CLINICAL LABORATORY,NA,30,NA,30
2020-07-23 00:00:00 EDT,NEW YORK STATE ELR - MONTEFIORE MEDICAL CENTER LABORATORIES - MOSES,NA,23,NA,23
2020-07-23 00:00:00 EDT,ALLSOUTH URGENT CARE,NA,NA,2,2
2020-07-23 00:00:00 EDT,BAYFRONT HEALTH BROOKSVILLE,NA,NA,2,2
2020-07-23 00:00:00 EDT,EAST MANATEE FAMILY,1,NA,2,3
2020-07-23 00:00:00 EDT,SOLARIS DIAGNOSTICS,NA,2,2,4
2020-07-23 00:00:00 EDT,FAWCETT MEMORIAL HOSPITAL-LAB,NA,1,2,3
2020-07-23 00:00:00 EDT,SOUTH LAKE HOSPITAL,NA,1,2,3
2020-07-23 00:00:00 EDT,UNKNOWN - BAD FACILITY CODE,NA,2,2,4
2020-07-23 00:00:00 EDT,MOBILE INFIRMARY MED CENTER PATH LAB,NA,26,NA,26
2020-07-23 00:00:00 EDT,MID-FLORIDA PATHOLOGY,NA,12,1,13
2020-07-23 00:00:00 EDT,TRADITION MEDICAL CENTER LABORATORY,NA,7,2,9
2020-07-23 00:00:00 EDT,FINLAY CLINICAL LABORATORY INC,NA,26,NA,26
2020-07-23 00:00:00 EDT,INTEGRITY LABORATORIES,NA,NA,2,2
2020-07-23 00:00:00 EDT,NAVAL HOSPITAL - JACKSONVILLE,NA,1,2,3
2020-07-23 00:00:00 EDT,MORTON PLANT HOSPITAL/LAB,NA,1,2,3
2020-07-23 00:00:00 EDT,P4CLINICAL,3,1,2,6
2020-07-23 00:00:00 EDT,325TH MEDICAL GROUP,NA,NA,2,2
2020-07-23 00:00:00 EDT,AMERICAN PATHOLOGY PARTNERS,NA,25,NA,25
2020-07-23 00:00:00 EDT,CDC,NA,17,NA,17
2020-07-23 00:00:00 EDT,INTERLAB,NA,1,2,3
2020-07-23 00:00:00 EDT,REFUAH HEALTH CENTER LABORATORY,NA,26,NA,26
2020-07-23 00:00:00 EDT,ALL CHILDREN'S HOSPITAL LAB,NA,1,2,3
2020-07-23 00:00:00 EDT,GULF COAST MOLECULAR LABORATORIES,NA,13,1,14
2020-07-23 00:00:00 EDT,HUNTSVILLE HOSPITAL LABORATORY,NA,19,NA,19
2020-07-23 00:00:00 EDT,PRIVA PATH LABS,NA,NA,2,2
2020-07-23 00:00:00 EDT,SUNCOAST LABS,NA,NA,2,2
2020-07-23 00:00:00 EDT,QUEST DIAGNOSTIC INC,NA,2,2,4
2020-07-23 00:00:00 EDT,ST VINCENT'S BIRMINGHAM LABORATORY,NA,25,NA,25
2020-07-23 00:00:00 EDT,CAPITAL REGIONAL MEDICAL CENTER,NA,1,2,3
2020-07-23 00:00:00 EDT,Quest Diag Unspecifd,NA,4,2,6
2020-07-23 00:00:00 EDT,ADVENTHEALTH CENTRA CARE OVIEDO,NA,6,1,7
2020-07-23 00:00:00 EDT,TAMPA GENERAL HOSPITAL CLINICAL LAB,NA,NA,2,2
2020-07-23 00:00:00 EDT,MY CLINICAL LAB,NA,NA,2,2
2020-07-23 00:00:00 EDT,NEW YORK STATE ELR - WHITE PLAINS HOSPTIAL CENTER LAB,NA,24,NA,24
2020-07-23 00:00:00 EDT,LABFIRST - DEPARTMENT OF PATHOLOGY,NA,24,NA,24
2020-07-23 00:00:00 EDT,GENPATH,NA,NA,2,2
2020-07-23 00:00:00 EDT,CLINICAL RESEARCH SEQUENCING PLATFORM,NA,NA,2,2
2020-07-23 00:00:00 EDT,ORLANDO REGIONAL MEDICAL CENTER,NA,1,2,3
2020-07-23 00:00:00 EDT,ACCU REFERENCE MEDICAL LAB,NA,NA,2,2
2020-07-23 00:00:00 EDT,EXPERTUS LABORATORIES INC,NA,9,1,10
2020-07-23 00:00:00 EDT,LABORATORY DYNAMICS,NA,20,NA,20
2020-07-23 00:00:00 EDT,"AVELLINO LAB USA, INC",NA,21,NA,21
2020-07-23 00:00:00 EDT,LABORATORY CORP OF AMERICA,1,4,1,6
2020-07-23 00:00:00 EDT,ST JOSEPHS CHILDRENS OUTREACH,NA,NA,2,2
2020-07-23 00:00:00 EDT,QDX PATHOLOGY SERVICES,NA,13,1,14
2020-07-23 00:00:00 EDT,AMERICAN RESEARCH LABS,NA,1,2,3
2020-07-23 00:00:00 EDT,PENNSYLVANIA DEPT OF HEALTH,NA,19,NA,19
2020-07-23 00:00:00 EDT,ST. ANTHONY'S HOSPITAL,NA,NA,2,2
2020-07-23 00:00:00 EDT,US BIOTEK LABORATORIES,NA,NA,2,2
2020-07-23 00:00:00 EDT,CHILDREN'S HOSPITAL OF ALABAMA,NA,21,NA,21
2020-07-23 00:00:00 EDT,NEW YORK STATE ELR - STONY BROOK UNIVERSITY MEDICAL CENTER,NA,18,NA,18
2020-07-23 00:00:00 EDT,JACKSON MEMORIAL HOSPITAL,NA,NA,2,2
2020-07-23 00:00:00 EDT,PATRICK AIR FORCE BASE,NA,1,2,3
2020-07-23 00:00:00 EDT,LABCORP BIRMINGHAM,NA,4,1,5
2020-07-23 00:00:00 EDT,HEALTH FIRST-PALM BAY,NA,NA,2,2
2020-07-23 00:00:00 EDT,NEW YORK STATE ELR - NEWYORK-PRESBYTERIAN/QUEENS DIAGNOSTIC,NA,20,NA,20
2020-07-23 00:00:00 EDT,QUEST DIAGNOSTICS INC.,NA,NA,2,2
2020-07-23 00:00:00 EDT,MIAMI BEACH COMMUNITY HEALTH CENTER,NA,NA,2,2
2020-07-23 00:00:00 EDT,POPLAR HEALTHCARE PLLC,1,10,NA,11
2020-07-23 00:00:00 EDT,ST. CLOUD HOSPITAL,NA,20,NA,20
2020-07-23 00:00:00 EDT,ST. MARY'S MEDICAL CENTER LAB,NA,NA,2,2
2020-07-23 00:00:00 EDT,QUEST DIAGNOSTICS NICHOLS INSTITUTE- LPP,NA,3,1,4
2020-07-23 00:00:00 EDT,MIAMI VAMC,NA,NA,2,2
2020-07-23 00:00:00 EDT,BROWARD HEALTH CORAL SPRINGS EPIDEMIOLOGY DEPT,NA,NA,2,2
2020-07-23 00:00:00 EDT,SANFORD LABORATORIES,NA,19,NA,19
2020-07-23 00:00:00 EDT,BAYFRONT HEALTH ER PINELLAS PARK,NA,12,NA,12
2020-07-23 00:00:00 EDT,NEW PLANT CITY FAMILY CARE,NA,NA,1,1
2020-07-23 00:00:00 EDT,KENDALL REGIONAL MEDICAL CENTER LAB,NA,NA,1,1
2020-07-23 00:00:00 EDT,MED HEALTH SERVICES,NA,18,NA,18
2020-07-23 00:00:00 EDT,INTEGRATED REGIONAL LABORATORIES - LARGO,NA,NA,1,1
2020-07-23 00:00:00 EDT,CAPE CANAVERAL HOSPITAL,NA,NA,1,1
2020-07-23 00:00:00 EDT,NEW YORK STATE ELR - CATHOLIC HEALTH SYSTEM DEPT LABORATORY,NA,18,NA,18
2020-07-23 00:00:00 EDT,LABORATORY SPECIALISTS OF MICHIGAN,NA,NA,1,1
2020-07-23 00:00:00 EDT,STONE WASH CLINICAL LABORATORIES,NA,2,1,3
2020-07-23 00:00:00 EDT,ADVENT HEALTH FISH MEMORIAL,NA,2,1,3
2020-07-23 00:00:00 EDT,PACIFIC ANALYTICS,NA,NA,1,1
2020-07-23 00:00:00 EDT,VA,NA,15,NA,15
2020-07-23 00:00:00 EDT,BAYFRONT,NA,15,NA,15
2020-07-23 00:00:00 EDT,ARUP,NA,4,1,5
2020-07-23 00:00:00 EDT,UNIVERSITY HEALTH SYSTEM INC,NA,15,NA,15
2020-07-23 00:00:00 EDT,GRAVITY DIAGNOSTICS,NA,11,NA,11
2020-07-23 00:00:00 EDT,MACDILL AIRFORCE BASE MICRO,NA,14,NA,14
2020-07-23 00:00:00 EDT,CLEVELAND CLINIC FOUNDATION,NA,9,NA,9
2020-07-23 00:00:00 EDT,ASSOCIATED CLINICAL LABORATORIES,NA,17,NA,17
2020-07-23 00:00:00 EDT,MIAMI VA HEALTHCARE SYSTEM,NA,NA,1,1
2020-07-23 00:00:00 EDT,NEW YORK STATE ELR - QUEST DIAGNOSTICS NICHOLS,NA,16,NA,16
2020-07-23 00:00:00 EDT,WATSON CLINIC LLP SOUTH,NA,NA,1,1
2020-07-23 00:00:00 EDT,SEBASTIAN RIVER MEDICAL CENTER,NA,6,1,7
2020-07-23 00:00:00 EDT,AMELIA EXPRESS CARE,NA,NA,1,1
2020-07-23 00:00:00 EDT,CITRUS MEMORIAL HEALTH SYSTEM LAB,NA,1,1,2
2020-07-23 00:00:00 EDT,LAB,NA,NA,1,1
2020-07-23 00:00:00 EDT,MADISON CORE LABORATORIES,NA,15,NA,15
2020-07-23 00:00:00 EDT,ALL CHILDREN'S HOSPITAL/LAB,NA,NA,1,1
2020-07-23 00:00:00 EDT,PALO ALTO VA MEDICAL CENTER,NA,1,1,2
2020-07-23 00:00:00 EDT,PARRISH MEDICAL CENTER,NA,1,1,2
2020-07-23 00:00:00 EDT,TGH,NA,1,1,2
2020-07-23 00:00:00 EDT,NEW YORK STATE ELR - BROOKDALE UNIVERSITY HOSPITAL,NA,16,NA,16
2020-07-23 00:00:00 EDT,VIERA HOSPITAL,NA,NA,1,1
2020-07-23 00:00:00 EDT,NXGEN MDX,NA,11,NA,11
2020-07-23 00:00:00 EDT,IPSUM DIAGNOSTICS,NA,NA,1,1
2020-07-23 00:00:00 EDT,QUESTDIAGNOSTICS INCORPORATED,NA,1,1,2
2020-07-23 00:00:00 EDT,FLORIDA DEPARTMENT OF HEALTH,NA,10,NA,10
2020-07-23 00:00:00 EDT,CENTRA CARE CONWAY,NA,NA,1,1
2020-07-23 00:00:00 EDT,UNITED CLINICAL LABS,NA,NA,1,1
2020-07-23 00:00:00 EDT,DIATHERIX,NA,13,NA,13
2020-07-23 00:00:00 EDT,LECONTE MEDICAL CENTER LAB,NA,11,NA,11
2020-07-23 00:00:00 EDT,PREMIER MEDICAL LABORATORY SERVICES,NA,NA,1,1
2020-07-23 00:00:00 EDT,DOCTORS MEMORIAL HOSPITAL,NA,6,NA,6
2020-07-23 00:00:00 EDT,QUEST DIAGNOSTICS INCORPORATED,NA,NA,1,1
2020-07-23 00:00:00 EDT,CORE DIAGNOSTIC LABORATORIES,NA,NA,1,1
2020-07-23 00:00:00 EDT,PHAROS HEALTH,NA,1,1,2
2020-07-23 00:00:00 EDT,QUEST DIAGNOSTICS NICHOLS INSTITUTE - SJC (LPP),NA,10,NA,10
2020-07-23 00:00:00 EDT,HEALTH CENTRAL HOSPITAL,NA,NA,1,1
2020-07-23 00:00:00 EDT,PHYSICIANS REGIONAL HEALTHCARE SYSTEM,NA,NA,1,1
2020-07-23 00:00:00 EDT,TIDE LABORATORIES,NA,4,1,5
2020-07-23 00:00:00 EDT,ST. JOSEPHS HOSPITAL,NA,NA,1,1
2020-07-23 00:00:00 EDT,MEDCOMP SCIENCES,NA,NA,1,1
2020-07-23 00:00:00 EDT,"NEW YORK STATE ELR - UNIVERSITY HOSPITAL, STONY BROOK SOUTHAMPTON",NA,13,NA,13
2020-07-23 00:00:00 EDT,MILLENNIUM PHYSICIAN GROUP LCC,NA,NA,1,1
2020-07-23 00:00:00 EDT,XERA MED RESEARCH,NA,NA,1,1
2020-07-23 00:00:00 EDT,ARCPOINT LABS OF TAMPA,NA,NA,1,1
2020-07-23 00:00:00 EDT,FULGENT GENETICS,NA,6,NA,6
2020-07-23 00:00:00 EDT,TOTAL RENAL LABORATORIES INC,NA,7,NA,7
2020-07-23 00:00:00 EDT,BAPTIST SOUTH MEDICAL CENTER,NA,2,1,3
2020-07-23 00:00:00 EDT,NEW YORK STATE ELR - WILSON MEMORIAL REGIONAL MEDICAL CENTER,NA,12,NA,12
2020-07-23 00:00:00 EDT,SHORELINE PHYSICIAN GROUP,NA,NA,1,1
2020-07-23 00:00:00 EDT,BIO-REFERENCE LABORATORIES,NA,NA,1,1
2020-07-23 00:00:00 EDT,JACKSON HEALTH SYSTEM,NA,NA,1,1
2020-07-23 00:00:00 EDT,"LAB PLUS, LLC AT SAINT THOMAS WEST HOSPITAL",NA,9,NA,9
2020-07-23 00:00:00 EDT,PROTEUS MOLECULAR AND CLINICAL LAB,NA,8,NA,8
2020-07-23 00:00:00 EDT,BAY MEDICAL CENTER SACRED HEART HEALTH SYSTEM,NA,NA,1,1
2020-07-23 00:00:00 EDT,NORTH SHORE UNIVERSITY HOSPITAL LABORATORY,NA,11,NA,11
2020-07-23 00:00:00 EDT,GARCIA CLINICAL LABORATORY,NA,1,1,2
2020-07-23 00:00:00 EDT,DEPARTMENT OF VETERANS AFFAIRS MEDICAL CENTER,NA,NA,1,1
2020-07-23 00:00:00 EDT,PATHGROUP LABS,NA,NA,1,1
2020-07-23 00:00:00 EDT,SEVEN RIVERS REGIONAL MEDICAL CENTER,NA,1,1,2
2020-07-23 00:00:00 EDT,ADVANCED URGENT CARE,NA,10,NA,10
2020-07-23 00:00:00 EDT,LABCORP INC,NA,1,1,2
2020-07-23 00:00:00 EDT,NEW YORK STATE ELR - LENOX HILL HOSPITAL,NA,11,NA,11
2020-07-23 00:00:00 EDT,BROWARD DIALYSIS,NA,NA,1,1
2020-07-23 00:00:00 EDT,WHITE WILSON MEDICAL CENTER CLINIC,NA,NA,1,1
2020-07-23 00:00:00 EDT,OUT OF STATE,NA,12,NA,12
2020-07-23 00:00:00 EDT,FLORIDA DEPT OF HEALTH,NA,4,NA,4
2020-07-23 00:00:00 EDT,ADVENT HEALTH CENTRA CARE: WATERFORD LAKES,NA,NA,1,1
2020-07-23 00:00:00 EDT,ST FRANCIS HOSPITAL,NA,9,NA,9
2020-07-23 00:00:00 EDT,PALM BAY HOSPITAL,NA,1,1,2
2020-07-23 00:00:00 EDT,NEW YORK STATE ELR - QUEST DIAGNOSTICS INCORPORATED,NA,9,NA,9
2020-07-23 00:00:00 EDT,LAB INTERMARKET FACILITY LAB,NA,NA,1,1
2020-07-23 00:00:00 EDT,AMERICAN ESOTERIC LABORATORIES,NA,NA,1,1
2020-07-23 00:00:00 EDT,DELRAY MEDICAL CENTER LAB,NA,NA,1,1
2020-07-23 00:00:00 EDT,PARK WEST MEDICAL CENTER,NA,10,NA,10
2020-07-23 00:00:00 EDT,FLORIDA COMMUNITY HEALTH CENTER OF ST. LUCIE,NA,NA,1,1
2020-07-23 00:00:00 EDT,DOH,NA,1,1,2
2020-07-23 00:00:00 EDT,"GRAVITY DIAGNOSTICS, LLC",NA,3,NA,3
2020-07-23 00:00:00 EDT,NEW YORK STATE ELR - WESTCHESTER MEDICAL CENTER,NA,11,NA,11
2020-07-23 00:00:00 EDT,INDIAN RIVER MEDICAL CENTER,NA,11,NA,11
2020-07-23 00:00:00 EDT,SUNQUEST,NA,2,NA,2
2020-07-23 00:00:00 EDT,MOFFFITT CANCER CENTER,NA,9,NA,9
2020-07-23 00:00:00 EDT,LABCORP - CLEARWATER,NA,3,NA,3
2020-07-23 00:00:00 EDT,MED ARBOR,NA,NA,1,1
2020-07-23 00:00:00 EDT,MEDICAL LABORATORY DIAGNOSTICS,NA,NA,1,1
2020-07-23 00:00:00 EDT,GENESIS LABORATORY MANAGEMENT,NA,NA,1,1
2020-07-23 00:00:00 EDT,NEW JERSEY DEPARTMENT OF HEALTH COMMUNICABLE DISEASE SERVICE,NA,3,NA,3
2020-07-23 00:00:00 EDT,EMERGENCY PHYSICIANS MEDICAL CENTER,NA,NA,1,1
2020-07-23 00:00:00 EDT,LABCORP - MIAMI,NA,4,NA,4
2020-07-23 00:00:00 EDT,"SELECT REFERENCE LABORATORIES, LLC",NA,NA,1,1
2020-07-23 00:00:00 EDT,PARKWEST MEDICAL CENTER,NA,9,NA,9
2020-07-23 00:00:00 EDT,DIAGNOSTIC LABORATORY OF OKLAHOMA,NA,10,NA,10
2020-07-23 00:00:00 EDT,LAKE BALDWIN CBOC,NA,9,NA,9
2020-07-23 00:00:00 EDT,BAPTIST CLAY,NA,NA,1,1
2020-07-23 00:00:00 EDT,NEW YORK STATE ELR - ROCHESTER GENERAL HOSPITAL LABORATORY,NA,9,NA,9
2020-07-23 00:00:00 EDT,BROWARD HEALTH CARE,NA,NA,1,1
2020-07-23 00:00:00 EDT,ESCAMBIA COMMUNITY CLINIC,NA,NA,1,1
2020-07-23 00:00:00 EDT,BAYCARE OUTREACH LABORATORY SERVICES,NA,1,NA,1
2020-07-23 00:00:00 EDT,NIGHT LITE PEDIATRICS URGENT CARE,NA,NA,NA,0
2020-07-23 00:00:00 EDT,CAYUGA MEDICAL CENTER AT ITHACA,NA,8,NA,8
2020-07-23 00:00:00 EDT,CLARITY LAB SOLUTIONS,NA,3,NA,3
2020-07-23 00:00:00 EDT,ST. JOSEPH HOSPITAL LAB,NA,NA,NA,0
2020-07-23 00:00:00 EDT,MOLECULAR TESTING LABS,NA,NA,NA,0
2020-07-23 00:00:00 EDT,UVMMC MICROBIOLOGY,NA,9,NA,9
2020-07-23 00:00:00 EDT,UPMC CHAUTAUQUA AT WCA LABORATORY,NA,9,NA,9
2020-07-23 00:00:00 EDT,MICHIGAN DEPARTMENT OF HEALTH AND HUMAN SERVICES,NA,NA,NA,0
2020-07-23 00:00:00 EDT,QUEST INFECTIOUS DISEASE,1,4,NA,5
2020-07-23 00:00:00 EDT,CORE LABORATORY,NA,1,NA,1
2020-07-23 00:00:00 EDT,VENICE REGIONAL MEDICAL CENTER,NA,NA,NA,0
2020-07-23 00:00:00 EDT,HEALTH FIRST-VIERA HOSPITAL,NA,NA,NA,0
2020-07-23 00:00:00 EDT,HEALTHLINK DIAGNOSTIC LABORATORIES,NA,1,NA,1
2020-07-23 00:00:00 EDT,WESTPAC LABS,NA,NA,NA,0
2020-07-23 00:00:00 EDT,SMA LAB,NA,3,NA,3
2020-07-23 00:00:00 EDT,NORTH OKALOOSA MEDICAL CENTER,NA,NA,NA,0
2020-07-23 00:00:00 EDT,DEVANSH LAB WERKS INC,NA,6,NA,6
2020-07-23 00:00:00 EDT,CENTRA CARE – SAND LAKE,NA,NA,NA,0
2020-07-23 00:00:00 EDT,BIO REFERNCE LABORATORIES,NA,3,NA,3
2020-07-23 00:00:00 EDT,DOCTOR'S IN HOUSE LAB,NA,NA,NA,0
2020-07-23 00:00:00 EDT,CBS LABORATORY,NA,1,NA,1
2020-07-23 00:00:00 EDT,NORTH CAROLINA DEPARTMENT OF HEALTH & HUMAN SERVICES,NA,NA,NA,0
2020-07-23 00:00:00 EDT,ST JOSEPHS HOSPITAL,NA,NA,NA,0
2020-07-23 00:00:00 EDT,GENESIS DIAGNOSTICS,NA,NA,NA,0
2020-07-23 00:00:00 EDT,CONSOLIDATED LAB SERVICES,NA,8,NA,8
2020-07-23 00:00:00 EDT,SPORTS DRUG TESTING LABORATORY,NA,NA,NA,0
2020-07-23 00:00:00 EDT,WUESTHOFF MEDICAL CENTER-MELBOURNE,NA,NA,NA,0
2020-07-23 00:00:00 EDT,JACKSON NORTH MEDICAL CENTER,NA,1,NA,1
2020-07-23 00:00:00 EDT,THE COMMONWEALTH OF MASSACHUSETTS,NA,NA,NA,0
2020-07-23 00:00:00 EDT,EAST ALABAMA MEDICAL CENTER LABORATORY,NA,6,NA,6
2020-07-23 00:00:00 EDT,MINUTE CLINIC INCORPORATE,NA,7,NA,7
2020-07-23 00:00:00 EDT,ST MARY'S MEDICAL CENTER,NA,1,NA,1
2020-07-23 00:00:00 EDT,GENEUS DIAGNOSTICS,NA,NA,NA,0
2020-07-23 00:00:00 EDT,MAYO CLINIC DEPT OF LAB MED PATHOLOGY,NA,NA,NA,0
2020-07-23 00:00:00 EDT,UMHC/SYLVESTER AT KENDALL,NA,1,NA,1
2020-07-23 00:00:00 EDT,ST JOSEPH'S HEALTHLINE,NA,1,NA,1
2020-07-23 00:00:00 EDT,ORMOND BEACH CENTRA CARE,NA,NA,NA,0
2020-07-23 00:00:00 EDT,"RDX BIOSCIENCE,",NA,NA,NA,0
2020-07-23 00:00:00 EDT,FLORIDA DEPARTMENT OF HEALTH IN LAKE COUNTY,NA,3,NA,3
2020-07-23 00:00:00 EDT,VENICE REGIONAL MEDICAL LAB SERVICES,NA,NA,NA,0
2020-07-23 00:00:00 EDT,NEW YORK STATE ELR - SARATOGA HOSPITAL LABORATORY,NA,7,NA,7
2020-07-23 00:00:00 EDT,NEW YORK STATE ELR - ST PETER'S BENDER LABORATORY,NA,7,NA,7
2020-07-23 00:00:00 EDT,LONGLEAF DIAGNOSTIC LABORATORIES,NA,2,NA,2
2020-07-23 00:00:00 EDT,NEW YORK STATE ELR - CATHOLIC HEALTH SERVICES REGIONAL LABORATORY,NA,5,NA,5
2020-07-23 00:00:00 EDT,DYNAMIC DNA LAB,NA,NA,NA,0
2020-07-23 00:00:00 EDT,NEW YORK STATE ELR - ERIE COUNTY MEDICAL CTR CLINICAL LABS,NA,7,NA,7
2020-07-23 00:00:00 EDT,NEW YORK STATE ELR - JAMES J PETERS VA MEDICAL CENTER,NA,5,NA,5
2020-07-23 00:00:00 EDT,AMERICAN HEALTH ASSOCIATES OF TAMPA,NA,NA,NA,0
2020-07-23 00:00:00 EDT,ST CATHERINE OF SIENA HOSPITAL,NA,7,NA,7
2020-07-23 00:00:00 EDT,MACDILL AFB HOSPITAL,NA,1,NA,1
2020-07-23 00:00:00 EDT,SYLVESTER AT PLANTATION LABORATORY,NA,6,NA,6
2020-07-23 00:00:00 EDT,"CLINICAL PATHOLOGY LABORATORIES, INC.",NA,NA,NA,0
2020-07-23 00:00:00 EDT,SOUTHEAST ALABAMA MEDICAL CENTER,NA,NA,NA,0
2020-07-23 00:00:00 EDT,NO NAME,NA,5,NA,5
2020-07-23 00:00:00 EDT,SOUTHEAST FAMILY HEALTHCARE CENTER,NA,NA,NA,0
2020-07-23 00:00:00 EDT,NORTH BAY HOSPITAL,NA,NA,NA,0
2020-07-23 00:00:00 EDT,WATSON CLINIC LLP MAIN,NA,NA,NA,0
2020-07-23 00:00:00 EDT,NORTHWELL HEALTH PLAINVIEW HOSPITAL LABORATORY,NA,5,NA,5
2020-07-23 00:00:00 EDT,BAYFRONT HEALTH SPRING HILL,NA,NA,NA,0
2020-07-23 00:00:00 EDT,VAMC,NA,NA,NA,0
2020-07-23 00:00:00 EDT,PRIDE DIAGNOSTICS,NA,6,NA,6
2020-07-23 00:00:00 EDT,HUNTINGTON HOSPITAL LABORATORY,NA,5,NA,5
2020-07-23 00:00:00 EDT,WOLFSON CHILDREN'S HOSPITAL,NA,NA,NA,0
2020-07-23 00:00:00 EDT,POARCH BANC CREEK INDIANS TRIBAL HEALTH DEPARTMENT,NA,NA,NA,0
2020-07-23 00:00:00 EDT,MICHIGAN DEPARTMENT OF COMMUNITY HEALTH,NA,1,NA,1
2020-07-23 00:00:00 EDT,ST. JOSEPH'S HOSPITAL LAB,NA,NA,NA,0
2020-07-23 00:00:00 EDT,SACRED HEART HEALTH SYSTEM,NA,NA,NA,0
2020-07-23 00:00:00 EDT,PRATTVILLE BAPTIST HOSPITAL,NA,5,NA,5
2020-07-23 00:00:00 EDT,CONNECTICUT DEPARTMENT OF HEALTH,NA,5,NA,5
2020-07-23 00:00:00 EDT,CLEVELAND CLINIC,NA,NA,NA,0
2020-07-23 00:00:00 EDT,LEE MEMORIAL LAB GULF COAST,NA,NA,NA,0
2020-07-23 00:00:00 EDT,PENSACOLA PEDIATRICS,NA,NA,NA,0
2020-07-23 00:00:00 EDT,TRUE HEALTH DIAGNOSTICS,NA,1,NA,1
2020-07-23 00:00:00 EDT,LEE COUNTY HEALTH DEPARTMENT,NA,4,NA,4
2020-07-23 00:00:00 EDT,ROCKLEDGE,NA,NA,NA,0
2020-07-23 00:00:00 EDT,PATHOGENIUS LABORATORIES,NA,2,NA,2
2020-07-23 00:00:00 EDT,STATE LAB,NA,1,NA,1
2020-07-23 00:00:00 EDT,ST JOSEPH HOSPITAL,NA,5,NA,5
2020-07-23 00:00:00 EDT,HEALTH FIRST CAPE CANAVERAL HOSPITAL,NA,NA,NA,0
2020-07-23 00:00:00 EDT,ST VINCENTS MEDICAL CENTER RIVERSIDE NURSING,NA,NA,NA,0
2020-07-23 00:00:00 EDT,NEW YORK STATE ELR - JAMAICA HOSPITAL MEDICAL CENTER,NA,6,NA,6
2020-07-23 00:00:00 EDT,DOCTOR'S MEMORIAL HOSPITAL,NA,NA,NA,0
2020-07-23 00:00:00 EDT,PERSONALIZED GENETIC TESTING,NA,NA,NA,0
2020-07-23 00:00:00 EDT,ADVENTHEALTH CENTRA CARE ORMOND BEACH,NA,NA,NA,0
2020-07-23 00:00:00 EDT,NEW YORK STATE ELR - GOOD SAMARITAN HOSPITAL LABORATORY,NA,6,NA,6
2020-07-23 00:00:00 EDT,NEW YORK STATE ELR - LOURDES HOSPITAL INC,NA,6,NA,6
2020-07-23 00:00:00 EDT,ARCHBOLD MEMORIAL HOSPITAL/LAB,NA,3,NA,3
2020-07-23 00:00:00 EDT,BAY PINES VA,NA,1,NA,1
2020-07-23 00:00:00 EDT,MAGNOLIA DIAGNOSTIC,NA,NA,NA,0
2020-07-23 00:00:00 EDT,UNIVERSITY HOSPITAL - STONY BROOK EASTERN,NA,5,NA,5
2020-07-23 00:00:00 EDT,SOUTH SEMINOLE HOSPITAL,NA,1,NA,1
2020-07-23 00:00:00 EDT,ST ELIZABETH MEDICAL CENTER LABORATORY,NA,5,NA,5
2020-07-23 00:00:00 EDT,NEW YORK STATE ELR - BRONX LEBANON HOSPITAL-MEDICAL CENTER,NA,4,NA,4
2020-07-23 00:00:00 EDT,"Diatherix Laboratories, LLC",NA,1,NA,1
2020-07-23 00:00:00 EDT,MONTEFIORE NEW ROCHELLE HOSPITAL,NA,5,NA,5
2020-07-23 00:00:00 EDT,BIOTECH,NA,NA,NA,0
2020-07-23 00:00:00 EDT,FRANCES WARDE MEDICAL LABORATORY,NA,2,NA,2
2020-07-23 00:00:00 EDT,NEW YORK STATE ELR - HUDSON VALLEY HOSPITAL CENTER LABORATORY,NA,4,NA,4
2020-07-23 00:00:00 EDT,UPMC HEALTH SYSTEM,NA,4,NA,4
2020-07-23 00:00:00 EDT,DOH JACKSONVILLE CENTRAL LABORATORY,NA,3,NA,3
2020-07-23 00:00:00 EDT,AEL KNOXVILLE,NA,NA,NA,0
2020-07-23 00:00:00 EDT,CANTON-POTSDAM HOSPITAL LABORATORY,NA,5,NA,5
2020-07-23 00:00:00 EDT,BOCA RATON REGIONAL HOSPITAL LAB,NA,NA,NA,0
2020-07-23 00:00:00 EDT,"SPECIALITY LABORATORIES,INC",NA,4,NA,4
2020-07-23 00:00:00 EDT,NEW YORK STATE ELR - VASSAR BROTHERS MEDICAL CENTER LABORATORY,NA,5,NA,5
2020-07-23 00:00:00 EDT,NEW YORK PRESBYTERIAN - ALLEN HOSPITAL,NA,5,NA,5
2020-07-23 00:00:00 EDT,FLOWERS HOSPITAL,NA,1,NA,1
2020-07-23 00:00:00 EDT,THE VILLAGES CLINICAL LAB,NA,4,NA,4
2020-07-23 00:00:00 EDT,BOCA BIOLISTICS REFERENCE LABORATORY,NA,NA,NA,0
2020-07-23 00:00:00 EDT,CHILDREN'S HOSPITAL OF PHILADELPHIA,NA,5,NA,5
2020-07-23 00:00:00 EDT,BROWARD COUNTY HEALTH DEPT.,NA,NA,NA,0
2020-07-23 00:00:00 EDT,PROMEDICA LABORITORIES,NA,5,NA,5
2020-07-23 00:00:00 EDT,SHELBY COUNTY HEALTH CARE CORPORATION,NA,3,NA,3
2020-07-23 00:00:00 EDT,LABCORP BURLINGTON CYTO,NA,4,NA,4
2020-07-23 00:00:00 EDT,NEW YORK STATE ELR - LABORATORY ALLIANCE OF CENTRAL NEW,NA,5,NA,5
2020-07-23 00:00:00 EDT,PALM BEACH PATHOLOGY,NA,4,NA,4
2020-07-23 00:00:00 EDT,TAMIAMI LAB MILLENNIUM,NA,NA,NA,0
2020-07-23 00:00:00 EDT,ARNOT OGDEN MEDICAL CENTER LABORATORY,NA,5,NA,5
2020-07-23 00:00:00 EDT,TYNDALL AFB,NA,NA,NA,0
2020-07-23 00:00:00 EDT,ST ANTHONY NORTH,NA,NA,NA,0
2020-07-23 00:00:00 EDT,JFK MEDICAL CENTER NORTH LAB,NA,NA,NA,0
2020-07-23 00:00:00 EDT,ST VINCENT'S EAST LABORATORY,NA,5,NA,5
2020-07-23 00:00:00 EDT,XRL SXF REF LAB,NA,5,NA,5
2020-07-23 00:00:00 EDT,THOMAS JEFFERSON UNIVERSITY HOSPITAL,NA,4,NA,4
2020-07-23 00:00:00 EDT,BAYONET POINT MEDICAL CENTER,NA,NA,NA,0
2020-07-23 00:00:00 EDT,NORTHWEST FLORIDA COMMUNITY HOSPITAL,NA,1,NA,1
2020-07-23 00:00:00 EDT,LEHIGH VALLEY HOSPITAL,NA,3,NA,3
2020-07-23 00:00:00 EDT,COMMUNITY HEALTH OF SOUTH FLORIDA,NA,NA,NA,0
2020-07-23 00:00:00 EDT,NEW YORK STATE ELR - BROOKLYN HOSPITAL CENTER DOWNTOWN CAMPUS,NA,4,NA,4
2020-07-23 00:00:00 EDT,MISSOURI DEPARTMENT OF HEALTH AND SENIOR SERVICES,NA,NA,NA,0
2020-07-23 00:00:00 EDT,MAYO CLINIC LABS - ROCHESTER SUPERIOR DRIVE,NA,NA,NA,0
2020-07-23 00:00:00 EDT,"MINUTECLINIC DIAGNOSTIC OF RHODE ISLAND, LLC #729",NA,4,NA,4
2020-07-23 00:00:00 EDT,"MEDLOGIC, LLC",NA,1,NA,1
2020-07-23 00:00:00 EDT,DTR LABS,NA,3,NA,3
2020-07-23 00:00:00 EDT,BAYCARE LABORATORIES,NA,NA,NA,0
2020-07-23 00:00:00 EDT,LAB CORP OF AMERICA,NA,1,NA,1
2020-07-23 00:00:00 EDT,CREATIVE TESTING SOLUTIONS,NA,NA,NA,0
2020-07-23 00:00:00 EDT,NEW YORK STATE ELR - SOUTHSIDE HOSPITAL NORTHWELL HEALTH LABORATORY,NA,3,NA,3
2020-07-23 00:00:00 EDT,DCH REGIONAL MEDICAL CENTER LABORATORY,NA,4,NA,4
2020-07-23 00:00:00 EDT,LAKELAND REGIONAL HEALTH,NA,NA,NA,0
2020-07-23 00:00:00 EDT,MERCY HOSPITAL MIAMI LAB,NA,NA,NA,0
2020-07-23 00:00:00 EDT,LINCOLN MEDICAL AND MENTAL HEALTH CENTER,NA,4,NA,4
2020-07-23 00:00:00 EDT,FINLAY C. LABORATORY,NA,3,NA,3
2020-07-23 00:00:00 EDT,PECONIC BAY MEDICAL CENTER LABORATORY,NA,3,NA,3
2020-07-23 00:00:00 EDT,SOUTHWESTERN REGIONAL MEDICAL CENTER - TULSA,NA,4,NA,4
2020-07-23 00:00:00 EDT,OKLAHOMA STATE UNIVERSITY DIAGNOSTIC LAB,NA,NA,NA,0
2020-07-23 00:00:00 EDT,PEDIATRIC HEALTH CARE ALLIANCE,NA,NA,NA,0
2020-07-23 00:00:00 EDT,TRUGENX,NA,NA,NA,0
2020-07-23 00:00:00 EDT,THE CENTER FOR URGENT CARE,NA,3,NA,3
2020-07-23 00:00:00 EDT,QUEST DIAGNOSTICS- MELBOURNE,NA,NA,NA,0
2020-07-23 00:00:00 EDT,EXPRESS TESTING-ONE,NA,NA,NA,0
2020-07-23 00:00:00 EDT,SUNCOAST COMMUNITY HEALTH CENTERS PEDIATRICS,NA,NA,NA,0
2020-07-23 00:00:00 EDT,INTERMARKET FACILITY,NA,NA,NA,0
2020-07-23 00:00:00 EDT,WUESTHOFF MEMORIAL HOSPITAL,NA,NA,NA,0
2020-07-23 00:00:00 EDT,COLORADO DEPARTMENT OF PUBLIC HEALTH AND ENVIRONMENT,NA,NA,NA,0
2020-07-23 00:00:00 EDT,BOND CLINIC,NA,NA,NA,0
2020-07-23 00:00:00 EDT,BROOKWOOD BAPTIST MEDICAL CENTER,NA,4,NA,4
2020-07-23 00:00:00 EDT,DAVITA LABORATORY,NA,4,NA,4
2020-07-23 00:00:00 EDT,COVENIENT CARE MEDICAL CLINIC,NA,NA,NA,0
2020-07-23 00:00:00 EDT,BIOFIRE,NA,NA,NA,0
2020-07-23 00:00:00 EDT,LABCORP - NAPLES,NA,NA,NA,0
2020-07-23 00:00:00 EDT,AMELIA MEDICAL CARE,NA,NA,NA,0
2020-07-23 00:00:00 EDT,PRECISION LABS LLC,NA,1,NA,1
2020-07-23 00:00:00 EDT,STATEN ISLAND UNIVERSITY HOSPITAL-POUCH,NA,4,NA,4
2020-07-23 00:00:00 EDT,TIMBER RIDGE LABORATORY,NA,NA,NA,0
2020-07-23 00:00:00 EDT,NEW YORK STATE ELR - NORTH CENTRAL BRONX HOSP,NA,3,NA,3
2020-07-23 00:00:00 EDT,WINTER HAVEN HOSPITAL,NA,NA,NA,0
2020-07-23 00:00:00 EDT,QUEST DIAGNOSTICS-N ST PETERSBURG-5TH,NA,NA,NA,0
2020-07-23 00:00:00 EDT,WAKEMED,NA,1,NA,1
2020-07-23 00:00:00 EDT,UNKNOWN LAB,NA,NA,NA,0
2020-07-23 00:00:00 EDT,ST LUKES HOSPITAL LABORATORY,NA,2,NA,2
2020-07-23 00:00:00 EDT,NICHOLS INSTITUTE QUEST DIAGNOSTICS,NA,2,NA,2
2020-07-23 00:00:00 EDT,TAMPA GENERAL HOSPITAL LABORATORY,NA,NA,NA,0
2020-07-23 00:00:00 EDT,STATEN ISLAND UNIVERSITY HOSPITAL,NA,3,NA,3
2020-07-23 00:00:00 EDT,NEW YORK STATE ELR - JACOBI MEDICAL CENTER,NA,3,NA,3
2020-07-23 00:00:00 EDT,VIRTUA VOORHEES HOSPITAL,NA,3,NA,3
2020-07-23 00:00:00 EDT,MHHS All Lab Subsection,NA,3,NA,3
2020-07-23 00:00:00 EDT,NEW YORK STATE ELR - ORANGE REGIONAL MEDICAL CENTER LABORATORY,NA,3,NA,3
2020-07-23 00:00:00 EDT,QUEST DIAGNOSTIC,NA,NA,NA,0
2020-07-23 00:00:00 EDT,VA OUTPATIENT,NA,NA,NA,0
2020-07-23 00:00:00 EDT,METHODIST MEDICAL CENTER,NA,2,NA,2
2020-07-23 00:00:00 EDT,PUBLIC HEALTH LAB,NA,3,NA,3
2020-07-23 00:00:00 EDT,PALMS WEST HOSPITAL,NA,NA,NA,0
2020-07-23 00:00:00 EDT,NEW YORK STATE ELR - SAMARITAN HOSPITAL LABORATORY,NA,3,NA,3
2020-07-23 00:00:00 EDT,PENNSYLVANIA DEPARTMENT OF HEALTH BUREAU OF LABORATORIES,NA,NA,NA,0
2020-07-23 00:00:00 EDT,VIRGINIA DIVISION OF CONSOLIDATED LABORATORIES,NA,NA,NA,0
2020-07-23 00:00:00 EDT,ABBOTT,NA,NA,NA,0
2020-07-23 00:00:00 EDT,SAMARITAN MEDICAL CENTER,NA,3,NA,3
2020-07-23 00:00:00 EDT,BRANCH MEDICAL CLINIC,NA,NA,NA,0
2020-07-23 00:00:00 EDT,DOH-TAMPA BRANCH LABORATORY (MLK BLVD),NA,NA,NA,0
2020-07-23 00:00:00 EDT,ASCENSION ST. VINCENT'S PRIMARY CARE,NA,NA,NA,0
2020-07-23 00:00:00 EDT,OPTUM LABS LLC,NA,NA,NA,0
2020-07-23 00:00:00 EDT,PINELLAS COUNTY HEALTH DEPARTMENT,NA,2,NA,2
2020-07-23 00:00:00 EDT,INDIAN RIVER CHD VERO BEACH,NA,2,NA,2
2020-07-23 00:00:00 EDT,FLORIDA CLINICAL LAB,NA,NA,NA,0
2020-07-23 00:00:00 EDT,BAYCARE OUTREACH LABORATORY HOSPITAL,NA,NA,NA,0
2020-07-23 00:00:00 EDT,MAYO MEDICAL LABORATORIES,NA,2,NA,2
2020-07-23 00:00:00 EDT,FISHERMEN'S HOSPITAL,NA,NA,NA,0
2020-07-23 00:00:00 EDT,LABORATORY OF FLORIDA,NA,NA,NA,0
2020-07-23 00:00:00 EDT,FAMILY HEALTH CENTERS OF SWF LABS,NA,NA,NA,0
2020-07-23 00:00:00 EDT,LAKE CITY VETERANS HOSPITAL,NA,NA,NA,0
2020-07-23 00:00:00 EDT,GENUS DIAGNOSTICS,NA,NA,NA,0
2020-07-23 00:00:00 EDT,PRECISION HEALTH SOLUTIONS LAB,NA,NA,NA,0
2020-07-23 00:00:00 EDT,JOE DIMAGGIO CHILDREN'S HOSPITAL,NA,1,NA,1
2020-07-23 00:00:00 EDT,FLORIDA WOMAN CARE LABORATORY,NA,NA,NA,0
2020-07-23 00:00:00 EDT,ILLINOIS DEPARTMENT OF PUBLIC HEALTH,NA,NA,NA,0
2020-07-23 00:00:00 EDT,MOLECULAR DIAGNOSTICS,NA,NA,NA,0
2020-07-23 00:00:00 EDT,LEE MEMORIAL HEALTH PARK LAB,NA,NA,NA,0
2020-07-23 00:00:00 EDT,LABCORP DIAGNOSTICS-MIAMI,NA,2,NA,2
2020-07-23 00:00:00 EDT,FLORIDA MEDICAL CLINIC,NA,NA,NA,0
2020-07-23 00:00:00 EDT,Cleveland Clinic Laboratories,NA,1,NA,1
2020-07-23 00:00:00 EDT,NEWYORK-PRESBYTERIAN/ LAWRENCE HOSPITAL LABORATORY,NA,3,NA,3
2020-07-23 00:00:00 EDT,NORTH BROWARD HOSPITAL DISTRICT HEALTHCARE FOR THE HOMELESS,NA,NA,NA,0
2020-07-23 00:00:00 EDT,LAKE WALES MEDICAL CENTER INC,NA,NA,NA,0
2020-07-23 00:00:00 EDT,"KEY WEST URGENT CARE, INC",NA,3,NA,3
2020-07-23 00:00:00 EDT,ACH,NA,NA,NA,0
2020-07-23 00:00:00 EDT,CLINICORE,NA,NA,NA,0
2020-07-23 00:00:00 EDT,AVELLINO LAB USA INC,NA,3,NA,3
2020-07-23 00:00:00 EDT,HEALTHMARK REGIONAL HOSPITAL LAB,NA,1,NA,1
2020-07-23 00:00:00 EDT,JACKSON SOUTH COMMUNITY HOSPITAL LAB,NA,NA,NA,0
2020-07-23 00:00:00 EDT,BARONESS ERLANGER HOSPITAL,NA,3,NA,3
2020-07-23 00:00:00 EDT,"SELECT LABORATORIES MARION COUNTY, LLC.",NA,NA,NA,0
2020-07-23 00:00:00 EDT,BEAUMONT LABORATORY,NA,NA,NA,0
2020-07-23 00:00:00 EDT,BAPTIST MEDICAL CENTER EAST,NA,2,NA,2
2020-07-23 00:00:00 EDT,MARINER'S HOSPITAL,NA,NA,NA,0
2020-07-23 00:00:00 EDT,CENTRAL FLORIDA HEALTH CARE INC,NA,NA,NA,0
2020-07-23 00:00:00 EDT,GULF COAST MEDICAL GROUP,NA,NA,NA,0
2020-07-23 00:00:00 EDT,MONTEFIORE ST LUKE'S CORNWALL HOSPITAL,NA,2,NA,2
2020-07-23 00:00:00 EDT,EMERGENCY MEDICAL CENTER,NA,NA,NA,0
2020-07-23 00:00:00 EDT,BAY CARE,NA,NA,NA,0
2020-07-23 00:00:00 EDT,WALGREENS #5317,NA,2,NA,2
2020-07-23 00:00:00 EDT,X-GENE MOLECULAR LABS,NA,NA,NA,0
2020-07-23 00:00:00 EDT,LABCORP RARITAN,NA,2,NA,2
2020-07-23 00:00:00 EDT,IOWA DEPARTMENT OF PUBLIC HEALTH,NA,NA,NA,0
2020-07-23 00:00:00 EDT,VIRTUA MEMORIAL HOSPITAL BURLINGTON COUNTY,NA,NA,NA,0
2020-07-23 00:00:00 EDT,CELERION,NA,NA,NA,0
2020-07-23 00:00:00 EDT,NEW YORK STATE DEPARTMENT OF HEALTH,NA,1,NA,1
2020-07-23 00:00:00 EDT,URGENT CARE TCMA,NA,NA,NA,0
2020-07-23 00:00:00 EDT,BIRMINGHAM VAMC,NA,1,NA,1
2020-07-23 00:00:00 EDT,NEW YORK STATE ELR - AUBURN COMMUNITY HOSPITAL,NA,2,NA,2
2020-07-23 00:00:00 EDT,PPD,NA,NA,NA,0
2020-07-23 00:00:00 EDT,ALTRU DIAGNOSTICS INC,NA,NA,NA,0
2020-07-23 00:00:00 EDT,GEORGIA DEPARTMENT OF PUBLIC HEALTH,NA,NA,NA,0
2020-07-23 00:00:00 EDT,CLINICAL PATHOLOGY LABS,NA,1,NA,1
2020-07-23 00:00:00 EDT,WOODHULL MEDICAL AND MENTAL HEALTH CTR,NA,2,NA,2
2020-07-23 00:00:00 EDT,NIGHT LITE PEDIATRICS WINTER GARDEN,NA,2,NA,2
2020-07-23 00:00:00 EDT,JACKSON LABORATORY OF GENOMIC MEDICINE,NA,2,NA,2
2020-07-23 00:00:00 EDT,CONNECTDX,NA,NA,NA,0
2020-07-23 00:00:00 EDT,AMERICAN FAMILY CARE- ORANGE BEACH,NA,NA,NA,0
2020-07-23 00:00:00 EDT,UNIVERSITY HOSPITAL,NA,NA,NA,0
2020-07-23 00:00:00 EDT,BFT LAB,NA,NA,NA,0
2020-07-23 00:00:00 EDT,FLORIDA HOSPITAL,NA,NA,NA,0
2020-07-23 00:00:00 EDT,AHSE ROP,NA,2,NA,2
2020-07-23 00:00:00 EDT,UC CORAL GABLES,NA,NA,NA,0
2020-07-23 00:00:00 EDT,SOUTH GEORGIA MEDICAL CENTER,NA,NA,NA,0
2020-07-23 00:00:00 EDT,UNIVERSITY HOSPITAL OF BROOKLYN,NA,2,NA,2
2020-07-23 00:00:00 EDT,MEMORIAL SLOAN KETTERING CANCER CENTER,NA,1,NA,1
2020-07-23 00:00:00 EDT,"PREMIER LABORATORY SERVICES, LLC",NA,NA,NA,0
2020-07-23 00:00:00 EDT,GALEN BAYLOR EXTENSION,NA,2,NA,2
2020-07-23 00:00:00 EDT,IRL MARKET LAB ALACHUA,NA,1,NA,1
2020-07-23 00:00:00 EDT,Covance Central Laboratory,NA,NA,NA,0
2020-07-23 00:00:00 EDT,DEACONESS HOSPITAL,NA,NA,NA,0
2020-07-23 00:00:00 EDT,AMEERAH LABS,NA,NA,NA,0
2020-07-23 00:00:00 EDT,ALABAMA DEPARTMENT OF PUBLIC HEALTH,NA,NA,NA,0
2020-07-23 00:00:00 EDT,BIO-TECH CLINICAL LABORATORIES,NA,NA,NA,0
2020-07-23 00:00:00 EDT,ST. MARYS MEDICAL CENTER,NA,NA,NA,0
2020-07-23 00:00:00 EDT,ST. JOSEPH REGIONAL MEDICAL CENTER,NA,NA,NA,0
2020-07-23 00:00:00 EDT,ADVANCED MEDICAL CARE,NA,NA,NA,0
2020-07-23 00:00:00 EDT,FLORIDA CLINICAL LABORATORY INC,NA,NA,NA,0
2020-07-23 00:00:00 EDT,BETH ISRAEL DEACONESS MEDICAL CENTER,NA,NA,NA,0
2020-07-23 00:00:00 EDT,LEEESBURG REGIONAL MEDICAL CENTER,NA,1,NA,1
2020-07-23 00:00:00 EDT,MAILBOX DIAGNOSTICS,NA,1,NA,1
2020-07-23 00:00:00 EDT,SIGNATURE CARE PFLUGERVILLE,NA,NA,NA,0
2020-07-23 00:00:00 EDT,MAYO,NA,NA,NA,0
2020-07-23 00:00:00 EDT,DORAL URGENT CARE,NA,NA,NA,0
2020-07-23 00:00:00 EDT,DALE MEDICAL CENTER,NA,2,NA,2
2020-07-23 00:00:00 EDT,LABCORP - STUART,NA,1,NA,1
2020-07-23 00:00:00 EDT,NORTH FLORIDA PEDIATRICS-LAKE CITY,NA,NA,NA,0
2020-07-23 00:00:00 EDT,MARSHALL MEDICAL CENTER SOUTH LAB,NA,2,NA,2
2020-07-23 00:00:00 EDT,LAWTON CHILES HEALTH CENTER,NA,NA,NA,0
2020-07-23 00:00:00 EDT,UNIVERSITY OF MIAMI,NA,NA,NA,0
2020-07-23 00:00:00 EDT,JOHNSON CITY MEDICAL CENTER,NA,1,NA,1
2020-07-23 00:00:00 EDT,CENTRA CARE HUNTER'S CREEK,NA,NA,NA,0
2020-07-23 00:00:00 EDT,HIGHLANDS MEDICAL CENTER,NA,2,NA,2
2020-07-23 00:00:00 EDT,CALHOUN LIBERTY HOSPITAL,NA,NA,NA,0
2020-07-23 00:00:00 EDT,ADVENT HEALTH SEBRING,NA,NA,NA,0
2020-07-23 00:00:00 EDT,FLORIDA DEPARTMENT OF HEALTH IN HILLSBOROUGH COUNTY,NA,NA,NA,0
2020-07-23 00:00:00 EDT,NORTH FLORIDA/SOUTH GEORGA VETERANS HEALTH SYSTEM,NA,NA,NA,0
2020-07-23 00:00:00 EDT,OKLAHOMA STATE DEPARTMENT OF HEALTH-PUBLIC HEALTH LABORATORY,NA,NA,NA,0
2020-07-23 00:00:00 EDT,GUTHRIE MEDICAL GROUP LABORATORIES,NA,2,NA,2
2020-07-23 00:00:00 EDT,SARASOTA MEMORIAL MEDICAL URGENT CARE CENTER,NA,NA,NA,0
2020-07-23 00:00:00 EDT,SCDHEC BUREAU OF LABORATORIES,NA,NA,NA,0
2020-07-23 00:00:00 EDT,LABCORP - OHIO,NA,NA,NA,0
2020-07-23 00:00:00 EDT,KETTERING HEALTH,NA,NA,NA,0
2020-07-23 00:00:00 EDT,ST PETERSBURG PEDIATRICS-EAST BAY,NA,NA,NA,0
2020-07-23 00:00:00 EDT,GEISINGER MEDICAL CENTER,NA,2,NA,2
2020-07-23 00:00:00 EDT,INTERNAL MEDICINE ASSOCIATES-DUNELLON,NA,NA,NA,0
2020-07-23 00:00:00 EDT,HOME ACCESS HEALTH,NA,NA,NA,0
2020-07-23 00:00:00 EDT,COLLIER COUNTY HEALTH DEPT.,NA,NA,NA,0
2020-07-23 00:00:00 EDT,Cleveland Clinic Weston,NA,NA,NA,0
2020-07-23 00:00:00 EDT,LABCORP PHOENIX,NA,NA,NA,0
2020-07-23 00:00:00 EDT,FCHC (OB)-DARWIN SQUARE CTR.,NA,NA,NA,0
2020-07-23 00:00:00 EDT,OMNI,NA,NA,NA,0
2020-07-23 00:00:00 EDT,AMMON LABS,NA,NA,NA,0
2020-07-23 00:00:00 EDT,BAYFRONT HEALTH PUNTA GORDA,NA,NA,NA,0
2020-07-23 00:00:00 EDT,NOVANT HEALTH INPATIENT CARE,NA,NA,NA,0
2020-07-23 00:00:00 EDT,NORTHERN DUTCHESS HOSPITAL LABORATORY,NA,2,NA,2
2020-07-23 00:00:00 EDT,PREMIER MEDICAL LABORATORY,NA,NA,NA,0
2020-07-23 00:00:00 EDT,COASTAL LABORATORIES,NA,NA,NA,0
2020-07-23 00:00:00 EDT,OHIO DEPARTMENT OF HEALTH LABORATORY,NA,2,NA,2
2020-07-23 00:00:00 EDT,SHELBY BAPTIST MEDICAL CENTER,NA,NA,NA,0
2020-07-23 00:00:00 EDT,SSM HEALTH ST LOUIS MICROBIOLOGY LABORATORY,NA,1,NA,1
2020-07-23 00:00:00 EDT,ATLANTIS URGENT CARE,NA,NA,NA,0
2020-07-23 00:00:00 EDT,ACHS,NA,2,NA,2
2020-07-23 00:00:00 EDT,QUEENS HOSPITAL CENTER,NA,2,NA,2
2020-07-23 00:00:00 EDT,CORAL GABLES HOSPITAL,NA,NA,NA,0
2020-07-23 00:00:00 EDT,ERIE COUNTY MEDICAL CTR CLINICAL LABS,NA,2,NA,2
2020-07-23 00:00:00 EDT,QUEST DIAGNOSITCS INCORPORATED,NA,NA,NA,0
2020-07-23 00:00:00 EDT,NEW HAMPSHIRE DEPARTMENT OF HEALTH AND HUMAN SERVICES,NA,1,NA,1
2020-07-23 00:00:00 EDT,NEW HAMPSHIRE PUBLIC HEALTH LABORATORIES,NA,2,NA,2
2020-07-23 00:00:00 EDT,CONEMAUGH MEMORIAL MEDICAL CENTER,NA,2,NA,2
2020-07-23 00:00:00 EDT,TREASURE COAST COMMUNITY HEALTH,NA,NA,NA,0
2020-07-23 00:00:00 EDT,"NAPHCARE, INC.",NA,NA,NA,0
2020-07-23 00:00:00 EDT,MONTANA PUBLIC HEALTH LAB,NA,NA,NA,0
2020-07-23 00:00:00 EDT,FLORIDA HEALTH CARE PLANS,NA,NA,NA,0
2020-07-23 00:00:00 EDT,JOHN D. ARCHBOLD MEM. HOSPITAL,NA,NA,NA,0
2020-07-23 00:00:00 EDT,NEW YORK STATE ELR - NEW YORK CITY DEPARTMENT OF HEALTH & MENTAL,NA,2,NA,2
2020-07-23 00:00:00 EDT,KEY PRIMARY CASE,NA,NA,NA,0
2020-07-23 00:00:00 EDT,OHIO STATE UNIVERSITY WEXNER MEDICAL CENTER,NA,NA,NA,0
2020-07-23 00:00:00 EDT,NEW YORK STATE ELR - LONG ISLAND JEWISH VALLEY STREAM,NA,2,NA,2
2020-07-23 00:00:00 EDT,KEYS MEDICAL GROUP,NA,NA,NA,0
2020-07-23 00:00:00 EDT,STATEN ISLAND UNIVERSITY HOSPITAL SEGUINE AVE,NA,2,NA,2
2020-07-23 00:00:00 EDT,COLORADO DEPARTMENT OF HEALTH LABORATORY SERVICES DIVISION,NA,NA,NA,0
2020-07-23 00:00:00 EDT,KANSAS DEPARTMENT OF HEALTH,NA,NA,NA,0
2020-07-23 00:00:00 EDT,LAB CORP PHOENIX,NA,NA,NA,0
2020-07-23 00:00:00 EDT,COMPUNET CLINICAL LAB,NA,NA,NA,0
2020-07-23 00:00:00 EDT,WESLEY CHAPEL INTERNAL MEDICINE AND PEDIATRICS,NA,NA,NA,0
2020-07-23 00:00:00 EDT,UC SAN DIEGO HEALTH,NA,NA,NA,0
2020-07-23 00:00:00 EDT,SENTARA NORFOLK GENERAL HOSPITAL CENTRAL LAB,NA,NA,NA,0
2020-07-23 00:00:00 EDT,HARTFORD HOSPITAL ANCILLARY LAB,NA,1,NA,1
2020-07-23 00:00:00 EDT,SANFORD REGIONAL HOSPITAL WORTHINGTON,NA,1,NA,1
2020-07-23 00:00:00 EDT,TRUMAN MEDICAL CENTER - HOSPITAL HILL,NA,NA,NA,0
2020-07-23 00:00:00 EDT,DOCS URGENT CARE,NA,NA,NA,0
2020-07-23 00:00:00 EDT,VERMONT DEPARTMENT OF HEALTH LABORATORY,NA,1,NA,1
2020-07-23 00:00:00 EDT,VA HOSPITAL,NA,NA,NA,0
2020-07-23 00:00:00 EDT,SUNY AT STONY BROOK,NA,NA,NA,0
2020-07-23 00:00:00 EDT,UNITED CLINICAL LABORATORIES,NA,NA,NA,0
2020-07-23 00:00:00 EDT,TIMPANOGOS REGIONAL HOSPITAL,NA,NA,NA,0
2020-07-23 00:00:00 EDT,DALLAS MEDICAL CENTER,NA,NA,NA,0
2020-07-23 00:00:00 EDT,TAMIAMI LAB MILLENIUM,NA,NA,NA,0
2020-07-23 00:00:00 EDT,STANLY REGIONAL MEDICAL CENTER,NA,NA,NA,0
2020-07-23 00:00:00 EDT,"CQUENTIA NGS, LLC",NA,NA,NA,0
2020-07-23 00:00:00 EDT,FLORIDA DEPARTMENT OF HEALTH IN MIAMI DADE COUNTY,NA,NA,NA,0
2020-07-23 00:00:00 EDT,TAMPA,NA,1,NA,1
2020-07-23 00:00:00 EDT,ALLIANCE LABORATORY SERVICES,NA,NA,NA,0
2020-07-23 00:00:00 EDT,AFFILIATED LABORATORIES INC,NA,NA,NA,0
2020-07-23 00:00:00 EDT,ADVENTIST HINSDALE HOSPITAL LABORATORY,NA,NA,NA,0
2020-07-23 00:00:00 EDT,MARINA DEL REY HOSPITAL LAB,NA,NA,NA,0
2020-07-23 00:00:00 EDT,WELLINGTON WEST 100176,NA,NA,NA,0
2020-07-23 00:00:00 EDT,WEST PACIFIC MEDICAL LABORATORY,NA,NA,NA,0
2020-07-23 00:00:00 EDT,MARYLAND DEPARTMENT OF HEALTH AND MENTAL HYGIENE,NA,NA,NA,0
2020-07-23 00:00:00 EDT,NORTH NAPLES HOSPITAL RESPIRATORY THERAPY DEPARTMENT,NA,NA,NA,0
2020-07-23 00:00:00 EDT,BIODORON LABORATORIES,NA,NA,NA,0
2020-07-23 00:00:00 EDT,MEMORIAL HEALTH UNIVERSITY MEDICAL CENTER,NA,NA,NA,0
2020-07-23 00:00:00 EDT,ONSLOW MEMORIAL HOSPITAL LABORATORY,NA,1,NA,1
2020-07-23 00:00:00 EDT,MD NOW URGENT CARE CENTER INC.,NA,NA,NA,0
2020-07-23 00:00:00 EDT,CHATSWORTH ASSISTED LIVING COMMUNITY AT PGA NATIONAL,NA,NA,NA,0
2020-07-23 00:00:00 EDT,LEGACY LABORATORY SERVICES,NA,NA,NA,0
2020-07-23 00:00:00 EDT,JOHNS HOPKINS MEDICAL LABORATORIES,NA,NA,NA,0
2020-07-23 00:00:00 EDT,LABCORP - HOLLYWOOD,NA,NA,NA,0
2020-07-23 00:00:00 EDT,US LABORATORIES,NA,NA,NA,0
2020-07-23 00:00:00 EDT,LABCORP-PORT ST.LUCIE,NA,1,NA,1
2020-07-23 00:00:00 EDT,JOHN HOPKINS MEDICAL LABORATORIES,NA,1,NA,1
2020-07-23 00:00:00 EDT,ST JOSEPHS CHILDRENS HOSPITAL OUTREACH,NA,NA,NA,0
2020-07-23 00:00:00 EDT,BARDMOOR LABORATORY,NA,NA,NA,0
2020-07-23 00:00:00 EDT,WEST VIRGINIA UNIVERSITY HOSPITALS,NA,NA,NA,0
2020-07-23 00:00:00 EDT,WASHINGTON STATE DEPARTMENT OF HEALTH PUBLIC HEALTH LABORATORIES,NA,NA,NA,0
2020-07-23 00:00:00 EDT,LABCORP SOUTH CHARLESTON,NA,NA,NA,0
2020-07-23 00:00:00 EDT,VRL EUROFINS,NA,NA,NA,0
2020-07-23 00:00:00 EDT,LABCORP LAFAYETTE,NA,1,NA,1
2020-07-23 00:00:00 EDT,AIM LABORATORIES,NA,NA,NA,0
2020-07-23 00:00:00 EDT,CAROLINAS HEALTHCARE SYSTEM LAB,NA,NA,NA,0
2020-07-23 00:00:00 EDT,BAPTIST ER TOWN CTR,NA,NA,NA,0
2020-07-23 00:00:00 EDT,UNIVERSITY OF KANSAS MEDICAL CENTER,NA,NA,NA,0
2020-07-23 00:00:00 EDT,FLORIDA HOSPITAL KISSIMMEE,NA,NA,NA,0
2020-07-23 00:00:00 EDT,CBC LAB,NA,NA,NA,0
2020-07-23 00:00:00 EDT,UNK,NA,NA,NA,0
2020-07-23 00:00:00 EDT,HARLEM HOSPITAL CENTER,NA,1,NA,1
2020-07-23 00:00:00 EDT,HANCOCK REGIONAL HOSPITAL,NA,1,NA,1
2020-07-23 00:00:00 EDT,HEART OF FLORIDA HMA,NA,NA,NA,0
2020-07-23 00:00:00 EDT,NEW YORK STATE ELR - COLUMBIA MEMORIAL HOSPITAL LABORATORY,NA,1,NA,1
2020-07-23 00:00:00 EDT,UNIVERSITY OF FLORIDA,NA,NA,NA,0
2020-07-23 00:00:00 EDT,AZALEA HEALTH,NA,NA,NA,0
2020-07-23 00:00:00 EDT,UAB,NA,NA,NA,0
2020-07-23 00:00:00 EDT,PARKWAY REGIONAL MEDICAL CENTER LAB,NA,NA,NA,0
2020-07-23 00:00:00 EDT,Viracor Eurofins,NA,NA,NA,0
2020-07-23 00:00:00 EDT,VIDANT MEDICAL CENTER,NA,NA,NA,0
2020-07-23 00:00:00 EDT,KETTERING MEDICAL CENTER,NA,NA,NA,0
2020-07-23 00:00:00 EDT,WILMINGTON VA MEDICAL CENTER,NA,NA,NA,0
2020-07-23 00:00:00 EDT,KENTUCKY CABINET FOR HEALTH AND FAMILY SERVICES,NA,NA,NA,0
2020-07-23 00:00:00 EDT,VITAE DIAGNOSTICS,NA,NA,NA,0
2020-07-23 00:00:00 EDT,JEFFERSON COUNTY HEALTH DEPARTMENT-MONTICELLO,NA,1,NA,1
2020-07-23 00:00:00 EDT,OHIO DEPARTMENT OF HEALTH,NA,NA,NA,0
2020-07-23 00:00:00 EDT,UT MEMPHIS UNIVERSITY HEALTH SERVICES,NA,NA,NA,0
2020-07-23 00:00:00 EDT,DSI LABORATORIES-NAPLES-7TH,NA,NA,NA,0
2020-07-23 00:00:00 EDT,EDGAR PRICE FAMILY & CHILDREN HEALTHCARE CENTER,NA,NA,NA,0
2020-07-23 00:00:00 EDT,LABCORP - LADY LAKE,NA,NA,NA,0
2020-07-23 00:00:00 EDT,VALLEY HOSPITAL MEDICAL CENTER,NA,1,NA,1
2020-07-23 00:00:00 EDT,CLEVELAND CLINIC OHIO LABORATORIES,NA,NA,NA,0
2020-07-23 00:00:00 EDT,DHEC - S.C PUBLIC HEALTH LAB,NA,NA,NA,0
2020-07-23 00:00:00 EDT,VA GREATER LOS ANGELES HEALTH CARE SYSTEM,NA,NA,NA,0
2020-07-23 00:00:00 EDT,HEALTH NETWORK LABORATORIES,NA,1,NA,1
2020-07-23 00:00:00 EDT,BMC/JACSONVILLE,NA,1,NA,1
2020-07-23 00:00:00 EDT,CENTRA CARE – LAKE NONA,NA,NA,NA,0
2020-07-23 00:00:00 EDT,VIGILINT HEALTHCARE,NA,1,NA,1
2020-07-23 00:00:00 EDT,ST. LUCIE COUNTY HEALTH DEPARTMENT,NA,1,NA,1
2020-07-23 00:00:00 EDT,ST. LUKE'S HOSPITAL - BETHLEHEM CAMPUS,NA,1,NA,1
2020-07-23 00:00:00 EDT,EXCEL URGENT CARE OF NJ,NA,NA,NA,0
2020-07-23 00:00:00 EDT,DUKE HEALTH REGIONAL HOSPITAL,NA,NA,NA,0
2020-07-23 00:00:00 EDT,FALMOUTH BY THE SEA,NA,NA,NA,0
2020-07-23 00:00:00 EDT,URGENT CARE WEST CLINIC,NA,NA,NA,0
2020-07-23 00:00:00 EDT,SPARROW CENTRAL LAB,NA,NA,NA,0
2020-07-23 00:00:00 EDT,THOMAS LANGLEY,NA,NA,NA,0
2020-07-23 00:00:00 EDT,THE UNIVERSITY OF VERMONT MEDICAL CENTER,NA,1,NA,1
2020-07-23 00:00:00 EDT,JRS LABORATORY,NA,NA,NA,0
2020-07-23 00:00:00 EDT,HIGHLANDS CLINICAL LABORATORY,NA,NA,NA,0
2020-07-23 00:00:00 EDT,SACRED HEART MEDICAL GROUP,NA,NA,NA,0
2020-07-23 00:00:00 EDT,UF KANAPAHA LAB BEAKER,NA,1,NA,1
2020-07-23 00:00:00 EDT,TEN HEALTHCARE,NA,NA,NA,0
2020-07-23 00:00:00 EDT,ST. JOSEPH'S HOSPITAL NORTH,NA,NA,NA,0
2020-07-23 00:00:00 EDT,BERKSHIRE MEDICAL CENTER,NA,NA,NA,0
2020-07-23 00:00:00 EDT,WILLIAM A HINTON STATE LABORATORY INSTITUTE,NA,NA,NA,0
2020-07-23 00:00:00 EDT,AMD,NA,NA,NA,0
2020-07-23 00:00:00 EDT,UNIVERSITY LAB,NA,NA,NA,0
2020-07-23 00:00:00 EDT,DOCTOR'S WALK-IN CLINIC / QUEST DIAGNOSTICS,NA,NA,NA,0
2020-07-23 00:00:00 EDT,ACCESS HEALTH CARE PHYSICIANS,NA,NA,NA,0
2020-07-23 00:00:00 EDT,LAKEVIEW REGIONAL HOSPITAL,NA,NA,NA,0
2020-07-23 00:00:00 EDT,YORK HOSPITAL - LABORATORY,NA,NA,NA,0
2020-07-23 00:00:00 EDT,MANATEE PEDIATRICS,NA,NA,NA,0
2020-07-23 00:00:00 EDT,MEDSTAR HARBOR HOSPITAL,NA,NA,NA,0
2020-07-23 00:00:00 EDT,MEDICAL CLINIC OF HOUSTON,NA,NA,NA,0
2020-07-23 00:00:00 EDT,THE CHILDREN'S HOSPITAL OF PHILADELPHIA,NA,1,NA,1
2020-07-23 00:00:00 EDT,SUNY UPSTATE MEDICAL UNIVERSITY,NA,NA,NA,0
2020-07-23 00:00:00 EDT,UNKNOWN - MI,NA,NA,NA,0
2020-07-23 00:00:00 EDT,WOLFSON (USE BAPTIST),NA,NA,NA,0
2020-07-23 00:00:00 EDT,UW HOSPITAL AND CLINICS,NA,NA,NA,0
2020-07-23 00:00:00 EDT,MONTANA DEPARTMENT OF PUBLIC HEALTH & HUMAN SERVICES,NA,NA,NA,0
2020-07-23 00:00:00 EDT,Mt Sinai Aventura,NA,NA,NA,0
2020-07-23 00:00:00 EDT,WARD MEMORIAL HOSPITAL,NA,1,NA,1
2020-07-23 00:00:00 EDT,UK HEALTHCARE,NA,NA,NA,0
2020-07-23 00:00:00 EDT,MUNSON MEDICAL CENTER,NA,NA,NA,0
2020-07-23 00:00:00 EDT,MINUTECLINIC DIAGNOSTIC,NA,NA,NA,0
2020-07-23 00:00:00 EDT,MEMORIAL HERMANN CONSOLIDATED LABORATORY SERVICES,NA,NA,NA,0
2020-07-23 00:00:00 EDT,MONROE COUNTY HOSPITAL,NA,1,NA,1
2020-07-23 00:00:00 EDT,NADAL PEDIATRICS - VICTORIA STREET (3385),NA,NA,NA,0
2020-07-23 00:00:00 EDT,MONTEFIORE NYACK HOSPITAL AFFILIATED LABORATORY,NA,1,NA,1
2020-07-23 00:00:00 EDT,SPRING HILL REGIONAL HOSPITAL,NA,NA,NA,0
2020-07-23 00:00:00 EDT,SHANDS AT LAKE SHORE LAB,NA,NA,NA,0
2020-07-23 00:00:00 EDT,MHS LAB,NA,1,NA,1
2020-07-23 00:00:00 EDT,SCIENCE CARE,NA,NA,NA,0
2020-07-23 00:00:00 EDT,NEW YORK STATE ELR - MONTEFIORE MEDICAL CENTER LABORATORIES - WEILER,NA,NA,NA,0
2020-07-23 00:00:00 EDT,RIVERVIEW REGIONAL MEDICAL CENTER,NA,1,NA,1
2020-07-23 00:00:00 EDT,"INDIAN RIVER CLINICAL LABORATORY, INC.",NA,1,NA,1
2020-07-23 00:00:00 EDT,TALLAHASSEE MEMORIAL HOSPITAL/MICROBIOLOGY LAB,NA,NA,NA,0
2020-07-23 00:00:00 EDT,INTERMOUNTAIN MEDICAL CENTER,NA,NA,NA,0
2020-07-23 00:00:00 EDT,Lourdes Hospital,NA,NA,NA,0
2020-07-23 00:00:00 EDT,LABCORP-CRYSTAL RIVER,NA,NA,NA,0
2020-07-23 00:00:00 EDT,ONEIDA HEALTHCARE CENTER,NA,1,NA,1
2020-07-23 00:00:00 EDT,OHIO STATE UNIVERSITY MEDICAL CENTER,NA,NA,NA,0
2020-07-23 00:00:00 EDT,SCIONLAB SERVICES LLC,NA,NA,NA,0
2020-07-23 00:00:00 EDT,SONIC REFERENCE LABORATORY,NA,NA,NA,0
2020-07-23 00:00:00 EDT,SMITH KLINE,NA,NA,NA,0
2020-07-23 00:00:00 EDT,QUEST ELR,NA,1,NA,1
2020-07-23 00:00:00 EDT,NEW YORK STATE ELR - NEW YORK PRESBYTERIAN-LOWER MANHATTAN,NA,1,NA,1
2020-07-23 00:00:00 EDT,NORTHSIDE HOSPITAL DULUTH,NA,NA,NA,0
2020-07-23 00:00:00 EDT,PROGENESIS INC,NA,NA,NA,0
2020-07-23 00:00:00 EDT,NORTHWEST FL COMM HOSP,NA,NA,NA,0
2020-07-23 00:00:00 EDT,NORTH RIVER FAMILY HEALTH CENTER,NA,NA,NA,0
2020-07-23 00:00:00 EDT,NORTHSHORE UNIVERSITY HEALTHSYSTEM EVANSTON HOSPITAL LAB,NA,NA,NA,0
2020-07-23 00:00:00 EDT,"NORTH CAROLINA STATE LABORATORY OF PUBLIC HEALTH, SPECTRUM LAB NETWORK",NA,NA,NA,0
2020-07-23 00:00:00 EDT,PEDIATRIC ASSOCIATES - JACKSONVILLE,NA,NA,NA,0
2020-07-23 00:00:00 EDT,NOT GIVEN,NA,NA,NA,0
2020-07-23 00:00:00 EDT,PERDIDO URGENT CARE,NA,NA,NA,0
2020-07-23 00:00:00 EDT,NAVAL BRANCH MEDICAL CLINIC,NA,NA,NA,0
2020-07-23 00:00:00 EDT,PEDIATRIC HEALTHCARE ALLIANCE,NA,NA,NA,0
2020-07-23 00:00:00 EDT,NORTHERN WESTCHESTER HOSPITAL LABORATORY,NA,1,NA,1
2020-07-23 00:00:00 EDT,NORTH BROWARD MEDICAL CENTER,NA,NA,NA,0
2020-07-23 00:00:00 EDT,SANFORD SOUTH UNIVERSITY,NA,1,NA,1
2020-07-23 00:00:00 EDT,REMISE OCCUPATIONAL HEALTH SOLUTIONS INC,NA,NA,NA,0
2020-07-23 00:00:00 EDT,MIAMI CANCER INSTITUTE,NA,NA,NA,0
2020-07-23 00:00:00 EDT,MEDICAL CENTER ENTERPRISE,NA,NA,NA,0
2020-07-23 00:00:00 EDT,MEDONE URGENT CARE,NA,NA,NA,0
2020-07-23 00:00:00 EDT,NEW YORK CITY DEPARTMENT OF HEALTH,NA,NA,NA,0
2020-07-23 00:00:00 EDT,PHELPS HOSPITAL LABORATORY,NA,1,NA,1
2020-07-23 00:00:00 EDT,QUEST DIAGNOSTIC INC TECHINICAL,NA,NA,NA,0
2020-07-23 00:00:00 EDT,REGIONAL MEDICAL LABORATORY,NA,NA,NA,0
2020-07-23 00:00:00 EDT,QUEST DIAGNOSTICS-OCALA-SE 3RD,NA,1,NA,1
2020-07-23 00:00:00 EDT,PRISMA HEALTH TUOMEY LABORATORY,NA,NA,NA,0
2020-07-23 00:00:00 EDT,ST. MARY MEDICAL CENTER,NA,1,NA,1
2020-07-23 00:00:00 EDT,SOUTHEAST GEORGIA HEALTH SYSTEM,NA,NA,NA,0
2020-07-23 00:00:00 EDT,ST FRANCIS,NA,NA,NA,0
2020-07-23 00:00:00 EDT,ST CHARLES HOSPITAL LABORATORY,NA,1,NA,1
2020-07-23 00:00:00 EDT,State Lab Unspecifd,NA,NA,NA,0
2020-07-23 00:00:00 EDT,PRORENATA LABS,NA,NA,NA,0
2020-07-23 00:00:00 EDT,UCLA HEALTHCARE CLINICAL LABS,NA,NA,NA,0
2020-07-23 00:00:00 EDT,RIVIERA BEACH HEALTH CENTER LAB,NA,NA,NA,0
2020-07-23 00:00:00 EDT,SKY RIDGE MEDICAL CENTER - MICRO,NA,NA,NA,0
2020-07-23 00:00:00 EDT,ROBERT WOOD JOHNSON HOSPITAL,NA,NA,NA,0
2020-07-23 00:00:00 EDT,LATE HOURS URGENT CARE,NA,NA,NA,0
2020-07-23 00:00:00 EDT,LARKIN COMMUNITY HOSPITAL INC DBA CARDIOTROPIC,NA,1,NA,1
2020-07-23 00:00:00 EDT,"MAGNOLIA ADULT, LLC",NA,NA,NA,0
2020-07-23 00:00:00 EDT,MIDMICHIGAN MEDICAL CENTER,NA,NA,NA,0
2020-07-23 00:00:00 EDT,QUEST - HOUSTON LAB,NA,NA,NA,0
2020-07-23 00:00:00 EDT,TEXAS DEPARTMENT OF STATE HEALTH SERVICES,NA,NA,NA,0
2020-07-23 00:00:00 EDT,SOUTHWEST REGIONAL PCR LABORATORY,NA,NA,NA,0
2020-07-23 00:00:00 EDT,THE HEART HOSPITAL BAYLOR PLANO,NA,NA,NA,0
2020-07-23 00:00:00 EDT,REDITUS LABORATORIES,NA,NA,NA,0
2020-07-23 00:00:00 EDT,TIEHH BIOTERRORISM RESPONSE LAB,NA,NA,NA,0
2020-07-23 00:00:00 EDT,HEALTH FIRST IBM-UX,NA,NA,NA,0
2020-07-23 00:00:00 EDT,ST VINCENT'S CHILTON,NA,1,NA,1
2020-07-23 00:00:00 EDT,BAYCARE MEDICAL GROUP,NA,NA,NA,0
2020-07-23 00:00:00 EDT,BAYFRONT HEALTH PORT CHARLOTTE,NA,NA,NA,0
2020-07-23 00:00:00 EDT,CELEBRATION HOSPITAL,NA,NA,NA,0
2020-07-23 00:00:00 EDT,CALIFORNIA PUBLIC HEALTH LABORATORY,NA,NA,NA,0
2020-07-23 00:00:00 EDT,ALVERNO CLINICAL LABORATORIES,NA,NA,NA,0
2020-07-23 00:00:00 EDT,ALLIANCE LABS @LRMC,NA,NA,NA,0
2020-07-23 00:00:00 EDT,ARKANSAS DEPARTMENT OF HEALTH,NA,NA,NA,0
2020-07-23 00:00:00 EDT,TUFTS MEDICAL CENTER,NA,NA,NA,0
2020-07-23 00:00:00 EDT,ARNOLD PALMER HOSPITAL LABORATORY,NA,NA,NA,0
2020-07-23 00:00:00 EDT,FORT SANDERS REGIONAL LABORATORY,NA,1,NA,1
2020-07-23 00:00:00 EDT,FLORIDA HOSPITAL ALTAMONTE,NA,NA,NA,0
2020-07-23 00:00:00 EDT,HARDIN MEMORIAL HOSPITAL - HEARTLAND PATHOLOGY CONSULTANTS,NA,NA,NA,0
2020-07-23 00:00:00 EDT,HOUSTON HEALTH DEPARTMENT - BUREAU OF LABORATORY SERVICES,NA,NA,NA,0
2020-07-23 00:00:00 EDT,HOLY NAME MEDICAL CENTER,NA,1,NA,1
2020-07-23 00:00:00 EDT,CFCH - FROSTPROOF,NA,NA,NA,0
2020-07-23 00:00:00 EDT,CENTRA CARE – WATERFORD LAKES,NA,NA,NA,0
2020-07-23 00:00:00 EDT,SHARP MEMORIAL HOSPITAL MICROBIOLOGY DEPT,NA,NA,NA,0
2020-07-23 00:00:00 EDT,RICHMOND UNIVERSITY MEDICAL CENTER,NA,NA,NA,0
2020-07-23 00:00:00 EDT,RIVERSIDE METHODIST HOSPITAL LAB,NA,NA,NA,0
2020-07-23 00:00:00 EDT,MARION COUNTY HEALTH DEPARTMENT,NA,NA,NA,0
2020-07-23 00:00:00 EDT,BLOOD SYSTEMS LABORATORIES,NA,NA,NA,0
2020-07-23 00:00:00 EDT,NEW YORK STATE ELR - BELLEVUE HOSPITAL CENTER DEPARTMENT,NA,1,NA,1
2020-07-23 00:00:00 EDT,BLOUNT MEMORIAL HOSPITAL,NA,1,NA,1
2020-07-23 00:00:00 EDT,CATHOLIC HEALTH SYSTEM DEPT LABORATORY,NA,1,NA,1
2020-07-23 00:00:00 EDT,NAVAL HOSPITAL OF JACKSONVILLE,NA,NA,NA,0
2020-07-23 00:00:00 EDT,AMERICAN MEDICAL LABORATORIES,NA,NA,NA,0
2020-07-23 00:00:00 EDT,AFC URGENT CARE,NA,NA,NA,0
2020-07-23 00:00:00 EDT,BAYCARE ALLIANT HOSPITAL,NA,NA,NA,0
2020-07-23 00:00:00 EDT,BAYCARE OUTREACH LAB,NA,NA,NA,0
2020-07-23 00:00:00 EDT,NEW YORK STATE ELR - GLENS FALLS HOSPITAL DEPARTMENT OF PATHOLOGY,NA,1,NA,1
2020-07-23 00:00:00 EDT,JOHNS HOPKINS MEDICAL LABS,NA,NA,NA,0
2020-07-23 00:00:00 EDT,GIFFORD MEMORIAL HOSPITAL,NA,1,NA,1
2020-07-23 00:00:00 EDT,LAKEWOOD RANCH ER 24/7,NA,NA,NA,0
2020-07-23 00:00:00 EDT,LEGACY LABORATORY,NA,NA,NA,0
2020-07-23 00:00:00 EDT,MALABAR/ADVENT CENTRA CARE,NA,NA,NA,0
2020-07-23 00:00:00 EDT,DELAWARE DIAGNOSTICS LABS,NA,NA,NA,0
2020-07-23 00:00:00 EDT,CONEY ISLAND HOSPITAL,NA,1,NA,1
2020-07-23 00:00:00 EDT,FLORIDA CLINICAL LABORATORY - BIOREFERENCE LABORATORIES,NA,NA,NA,0
2020-07-23 00:00:00 EDT,FLORIDA DEPARTMENT OF HEALTH PALM BEACH COUNTY,NA,NA,NA,0
2020-07-23 00:00:00 EDT,MID FLORIDA CLINICAL LABORATORY,NA,NA,NA,0
2020-07-23 00:00:00 EDT,COMMONWEALTH OF MASSACHUSETTS,NA,NA,NA,0
2020-07-23 00:00:00 EDT,CHARLOTTE CHD PORT CHARLOTTE,NA,1,NA,1
2020-07-23 00:00:00 EDT,XPRESS WELLNESS URGENT CARE,NA,NA,NA,0
2020-07-23 00:00:00 EDT,WELLNOW URGENT CARE,NA,1,NA,1
2020-07-23 00:00:00 EDT,"DOCTORS CLINICAL LABORATORY, INC",NA,NA,NA,0
2020-07-23 00:00:00 EDT,MISSOURI DEPARTMENT OF HEALTH AND SENIOR SERVICES - STATE PH LAB,NA,1,NA,1
2020-07-23 00:00:00 EDT,"MINUTECLINIC DIAGNOSTIC OF TEXAS, LLC",NA,1,NA,1
2020-07-23 00:00:00 EDT,BAPTIST HEALTH MEDICAL CENTER,NA,NA,NA,0
2020-07-23 00:00:00 EDT,"BEAUMONT HOSPITAL, GROSSE POINTE",NA,NA,NA,0
2020-07-23 00:00:00 EDT,BEAUFORT MEMORIAL,NA,NA,NA,0
2020-07-23 00:00:00 EDT,UNITED HEALTHCARE,NA,NA,NA,0
2020-07-23 00:00:00 EDT,UNIVERSITY OF MISSOURI HEALTH CARE,NA,NA,NA,0
2020-07-23 00:00:00 EDT,TRINITAS REGIONAL MEDICAL CENTER,NA,NA,NA,0
2020-07-23 00:00:00 EDT,TANNER MEDICAL CENTER EAST AL,NA,1,NA,1
2020-07-23 00:00:00 EDT,GRAND VIEW HOSPITAL,NA,NA,NA,0
2020-07-23 00:00:00 EDT,WATAUGA MEDICAL CENTER,NA,NA,NA,0
2020-07-23 00:00:00 EDT,EXPRESS GENE MOLECULAR DIAGNOSTICS LABORATORY,NA,NA,NA,0
2020-07-23 00:00:00 EDT,VIRACOR,NA,NA,NA,0
2020-07-23 00:00:00 EDT,UTMB PATHOLOGY CLINICAL SERVICES LABORATORY,NA,NA,NA,0
2020-07-23 00:00:00 EDT,GENETRAIT LABORATORIES,NA,NA,NA,0
2020-07-23 00:00:00 EDT,LOYOLA UNIVERSITY MEDICAL CENTER LABORATORY,NA,NA,NA,0
2020-07-23 00:00:00 EDT,PHYSICIANS STAT,NA,NA,NA,0
2020-07-23 00:00:00 EDT,ACCESSLAB,NA,1,NA,1
2020-07-23 00:00:00 EDT,PEACHEALTH LABORATORIES,NA,1,NA,1
2020-07-23 00:00:00 EDT,BAY CARE LAB SERVICES/ST. ANTHONY'S HOSPITAL,NA,NA,NA,0
2020-07-23 00:00:00 EDT,"APS-SUMMIT CARE PHARMACY, LLC DBA OMNICARE",NA,1,NA,1
2020-07-23 00:00:00 EDT,LABCORP - ORLANDO,NA,1,NA,1
2020-07-23 00:00:00 EDT,INTERMOUNTAIN CENTRAL LAB,NA,NA,NA,0
2020-07-23 00:00:00 EDT,LABCORP KANSAS CITY,NA,NA,NA,0
2020-07-23 00:00:00 EDT,ACCESS HEALTH CARE,NA,NA,NA,0
2020-07-23 00:00:00 EDT,PIEDMONT HOSPITAL LAB,NA,NA,NA,0
2020-07-23 00:00:00 EDT,HELIX DIAGNOSTICS,NA,NA,NA,0
2020-07-23 00:00:00 EDT,HAWAII DEPARTMENT OF HEALTH LAB,NA,NA,NA,0
2020-07-23 00:00:00 EDT,LABCORP - LEESBURG,NA,NA,NA,0
2020-07-23 00:00:00 EDT,LEESBURG FAMILY MEDICINE,NA,1,NA,1
2020-07-23 00:00:00 EDT,LABCORP HOUSTON,NA,NA,NA,0
2020-07-23 00:00:00 EDT,BOZEMAN HEALTH DEACONESS HOSPITAL,NA,1,NA,1
2020-07-23 00:00:00 EDT,BAYCARE MEDICAL GROUP INC,NA,NA,NA,0
2020-07-23 00:00:00 EDT,CAROMONT HEALTH,NA,NA,NA,0
2020-07-23 00:00:00 EDT,ECLRS,NA,NA,NA,0
2020-07-23 00:00:00 EDT,DICKERT,NA,NA,NA,0
